<?xml version="1.0" encoding="UTF-8"?>
<COLLADA xmlns="http://www.collada.org/2005/11/COLLADASchema" version="1.4.1">
    <asset>
        <contributor>
            <author>VCGLab</author>
            <authoring_tool>VCGLib | MeshLab</authoring_tool>
        </contributor>
        <created>Sun May 25 05:40:47 2025 GMT</created>
        <modified>Sun May 25 05:40:47 2025 GMT</modified>
        <up_axis>Y_UP</up_axis>
    </asset>
    <library_geometries>
        <geometry id="shape0-lib" name="shape0">
            <mesh>
                <source id="shape0-lib-positions" name="position">
                    <float_array id="shape0-lib-positions-array" count="3009">-0.0197226 -0.119971 -0.00767216 -0.0211156 -0.119969 -0.00156933 -0.032768 -0.119953 -0.00516234 -0.000174314 -0.12 -0.021 -0.00636417 -0.119991 -0.020067 -0.00533665 -0.119992 -0.0325937 -0.012004 -0.119983 -0.017351 -0.015156 -0.119978 -0.0294032 -0.0103719 -0.119985 -0.0313849 -0.0165928 -0.119976 -0.0130933 -0.0235088 -0.119966 -0.0233345 -0.0195712 -0.119972 -0.0266976 -0.0315591 -0.119954 -0.0101976 -0.0295775 -0.119957 -0.0149817 -0.0268718 -0.119961 -0.0193969 -0.0183608 -0.119973 0.0105 -0.0315591 -0.119954 0.0101976 -0.0206478 -0.11997 0.00467294 -0.032768 -0.119953 0.00516234 -0.0331743 -0.119952 1.21431e-17 -0.0103719 -0.119985 0.0313849 -0.00928586 -0.119987 0.0189203 -0.0033042 -0.119995 0.0207654 -0.0144579 -0.119979 0.0153941 -0.0268718 -0.119961 0.0193969 -0.0295775 -0.119957 0.0149817 -0.015156 -0.119978 0.0294032 -0.0195712 -0.119972 0.0266976 -0.0235088 -0.119966 0.0233345 0.00295557 -0.120004 0.0207654 -0.000174314 -0.12 0.033 -0.00533665 -0.119992 0.0325937 0.0180122 -0.120026 0.0105 0.0202991 -0.12003 0.00467294 0.0312105 -0.120045 0.0101976 0.00893723 -0.120013 0.0189203 0.0100232 -0.120015 0.0313849 0.00498802 -0.120007 0.0325937 0.019374 -0.120028 -0.00767216 0.0324194 -0.120047 -0.00516234 0.0207669 -0.12003 -0.00156933 0.0328256 -0.120048 -2.60209e-17 0.0324194 -0.120047 0.00516234 0.0141093 -0.120021 0.0153941 0.0192226 -0.120028 0.0266976 0.0148074 -0.120022 0.0294032 0.0292289 -0.120043 0.0149817 0.0265232 -0.120039 0.0193969 0.0231602 -0.120034 0.0233345 0.0162441 -0.120024 -0.0130933 0.0292289 -0.120043 -0.0149817 0.0312105 -0.120045 -0.0101976 0.0116554 -0.120017 -0.017351 0.0231602 -0.120034 -0.0233345 0.0265232 -0.120039 -0.0193969 0.00601554 -0.120009 -0.020067 0.0148074 -0.120022 -0.0294032 0.0192226 -0.120028 -0.0266976 -0.000174314 -0.12 -0.033 0.00498802 -0.120007 -0.0325937 0.0100232 -0.120015 -0.0313849 -0.0114596 -0.132983 0.0165248 -0.00832792 -0.132988 0.0182709 -0.00831049 -0.120988 0.0182709 -0.0060883 -0.132991 0.0191115 -0.00315661 -0.120996 0.0197766 -0.000193199 -0.133 0.02 -0.00885343 -0.120987 0.0180194 -0.0137792 -0.12098 0.014661 -0.0150561 -0.132978 0.0133826 -0.0150386 -0.120978 0.0133826 -0.0158298 -0.132977 0.0124698 -0.0174963 -0.120975 0.01 -0.0188107 -0.132973 0.00730682 -0.0191969 -0.120972 0.00618034 -0.0192143 -0.132972 0.00618034 -0.0196743 -0.120972 0.00445042 -0.0201373 -0.132971 0.0014946 -0.0201198 -0.120971 -0.0014946 -0.0200836 -0.132971 -0.00209057 -0.0200662 -0.120971 -0.00209057 -0.0196917 -0.132972 -0.00445042 -0.0187932 -0.120973 -0.00730682 -0.0175137 -0.132975 -0.01 -0.00887086 -0.132987 -0.0180194 -0.0119489 -0.132983 -0.0161803 -0.0119315 -0.120983 -0.0161803 -0.0137966 -0.13298 -0.014661 -0.0158124 -0.120977 -0.0124698 -0.0174963 -0.120975 -0.01 -0.0114422 -0.120984 -0.0165248 -0.00607086 -0.120991 -0.0191115 -0.00435143 -0.132994 -0.019563 -0.004334 -0.120994 -0.019563 -0.00317404 -0.132996 -0.0197766 -0.000175767 -0.121 -0.02 0.00278764 -0.133004 -0.0197766 0.00398246 -0.121006 -0.019563 0.00396503 -0.133006 -0.019563 0.00571933 -0.121008 -0.0191115 0.00848447 -0.133012 -0.0180194 0.0110906 -0.121016 -0.0165248 0.0115625 -0.133017 -0.0161803 0.0115799 -0.121017 -0.0161803 0.0134102 -0.13302 -0.014661 0.0154608 -0.121023 -0.0124698 0.0171273 -0.133025 -0.01 0.0197509 -0.133029 0.0014946 0.0196972 -0.133029 -0.00209057 0.0197147 -0.121029 -0.00209057 0.0193053 -0.133028 -0.00445042 0.0184417 -0.121027 -0.00730682 0.0171447 -0.121025 -0.01 0.0197683 -0.121029 -0.0014946 0.0193228 -0.121028 0.00445042 0.0188279 -0.133027 0.00618034 0.0188453 -0.121027 0.00618034 0.0184243 -0.133027 0.00730682 0.0171447 -0.121025 0.01 0.0154434 -0.133023 0.0124698 0.0146871 -0.121021 0.0133826 0.0146697 -0.133021 0.0133826 0.0134277 -0.12102 0.014661 0.0110732 -0.133016 0.0165248 0.0085019 -0.121012 0.0180194 0.00794153 -0.133012 0.0182709 0.00795896 -0.121012 0.0182709 0.0057019 -0.133008 0.0191115 0.00280508 -0.121004 0.0197766 -0.000175767 -0.121 0.02 -0.0063845 -0.133991 0.020067 -0.0120244 -0.133983 0.017351 -0.0123026 -0.133982 0.019555 -0.019743 -0.133971 0.00767216 -0.0207834 -0.13397 0.010252 -0.0166131 -0.133976 0.0130933 -0.018549 -0.133973 0.0138606 -0.0156896 -0.133977 0.0169972 0.0179919 -0.134026 -0.0105 0.0202788 -0.13403 -0.00467294 0.0219273 -0.134032 -0.00629425 -0.0206681 -0.13397 -0.00467294 -0.0230965 -0.133967 -0.00212217 -0.0211359 -0.133969 0.00156933 -0.0230965 -0.133967 0.00212217 -0.0223166 -0.133968 0.00629425 -0.0183812 -0.133973 -0.0105 -0.0207834 -0.13397 -0.010252 -0.0223166 -0.133968 -0.00629425 0.00293523 -0.134004 -0.0207654 0.0089169 -0.134013 -0.0189203 0.0081139 -0.134012 -0.0214469 0.0193537 -0.134028 0.00767216 0.0219273 -0.134032 0.00629425 0.0207466 -0.13403 0.00156933 0.0227072 -0.134033 0.00212217 0.0227072 -0.134033 -0.00212217 0.0116351 -0.134017 0.017351 0.0153003 -0.134022 0.0169972 0.0162238 -0.134024 0.0130933 0.0181597 -0.134027 0.0138606 0.0203941 -0.13403 0.010252 0.0059952 -0.134009 0.020067 0.0081139 -0.134012 0.0214469 0.0119133 -0.134017 0.019555 -0.0085032 -0.133988 0.0214469 -0.00442089 -0.133994 0.0226084 -0.000194651 -0.134 0.021 -0.000194651 -0.134 0.023 0.00403158 -0.134006 0.0226084 -0.0093062 -0.133987 -0.0189203 -0.0123026 -0.133982 -0.019555 -0.0144783 -0.133979 -0.0153941 -0.0156896 -0.133977 -0.0169972 -0.018549 -0.133973 -0.0138606 0.00403158 -0.134006 -0.0226084 -0.000194651 -0.134 -0.023 -0.00332454 -0.133995 -0.0207654 -0.00442089 -0.133994 -0.0226084 -0.0085032 -0.133988 -0.0214469 0.0203941 -0.13403 -0.010252 0.0181597 -0.134027 -0.0138606 0.014089 -0.134021 -0.0153941 0.0153003 -0.134022 -0.0169972 0.0119133 -0.134017 -0.019555 0.0043802 -0.147007 0.0245743 0.00439618 -0.136007 0.0245743 -0.000213535 -0.147 0.025 -0.000197556 -0.136 0.025 -0.00480727 -0.146993 0.0245743 -0.00479129 -0.135993 0.0245743 -0.00924457 -0.146987 0.0233118 -0.00922859 -0.135987 0.0233118 -0.0133743 -0.146981 0.0212554 -0.0133583 -0.135981 0.0212554 -0.0170559 -0.146975 0.0184752 -0.0170399 -0.135975 0.0184752 -0.0201639 -0.146971 0.0150659 -0.020148 -0.135971 0.0150659 -0.0225926 -0.146967 0.0111435 -0.0225766 -0.135967 0.0111435 -0.0242592 -0.146965 0.00684157 -0.0242432 -0.135965 0.00684157 -0.0251069 -0.146964 0.00230671 -0.0250909 -0.135964 0.00230671 -0.0251069 -0.146964 -0.00230671 -0.0250909 -0.135964 -0.00230671 -0.0242592 -0.146965 -0.00684157 -0.0242432 -0.135965 -0.00684157 -0.0225926 -0.146967 -0.0111435 -0.0225766 -0.135967 -0.0111435 -0.0201639 -0.146971 -0.0150659 -0.020148 -0.135971 -0.0150659 -0.0170559 -0.146975 -0.0184752 -0.0170399 -0.135975 -0.0184752 -0.0133743 -0.146981 -0.0212554 -0.0133583 -0.135981 -0.0212554 -0.00924457 -0.146987 -0.0233118 -0.00922859 -0.135987 -0.0233118 -0.00480727 -0.146993 -0.0245743 -0.00479129 -0.135993 -0.0245743 -0.000213535 -0.147 -0.025 -0.000197556 -0.136 -0.025 0.0043802 -0.147007 -0.0245743 0.00439618 -0.136007 -0.0245743 0.0088175 -0.147013 -0.0233118 0.00883348 -0.136013 -0.0233118 0.0129473 -0.147019 -0.0212554 0.0129632 -0.136019 -0.0212554 0.0166288 -0.147024 -0.0184752 0.0166448 -0.136024 -0.0184752 0.0197369 -0.147029 -0.0150659 0.0197529 -0.136029 -0.0150659 0.0221655 -0.147032 -0.0111435 0.0221815 -0.136032 -0.0111435 0.0238321 -0.147035 -0.00684157 0.0238481 -0.136035 -0.00684157 0.0246798 -0.147036 -0.00230671 0.0246958 -0.136036 -0.00230671 0.0246798 -0.147036 0.00230671 0.0246958 -0.136036 0.00230671 0.0238321 -0.147035 0.00684157 0.0238481 -0.136035 0.00684157 0.0221655 -0.147032 0.0111435 0.0221815 -0.136032 0.0111435 0.0197369 -0.147029 0.0150659 0.0197529 -0.136029 0.0150659 0.0166288 -0.147024 0.0184752 0.0166448 -0.136024 0.0184752 0.0129473 -0.147019 0.0212554 0.0129632 -0.136019 0.0212554 0.0088175 -0.147013 0.0233118 0.00883348 -0.136013 0.0233118 -0.00444268 -0.148994 -0.0226084 -0.00021644 -0.149 -0.01 -0.00852499 -0.148988 -0.0214469 -0.00521644 -0.148993 -0.00866025 -0.0123244 -0.148982 -0.019555 -0.0157114 -0.148977 -0.0169972 -0.0185708 -0.148973 -0.0138606 -0.00887669 -0.148987 -0.005 -0.0208052 -0.14897 -0.010252 -0.0185708 -0.148973 0.0138606 -0.0208052 -0.14897 0.010252 -0.00887669 -0.148987 0.005 -0.0223384 -0.148968 0.00629425 -0.0102164 -0.148985 -3.1225e-17 -0.0231183 -0.148967 0.00212217 -0.0231183 -0.148967 -0.00212217 -0.0223384 -0.148968 -0.00629425 -0.0157114 -0.148977 0.0169972 -0.00521644 -0.148993 0.00866025 -0.0123244 -0.148982 0.019555 -0.00852499 -0.148988 0.0214469 -0.00021644 -0.149 0.01 -0.00444268 -0.148994 0.0226084 0.0118915 -0.149017 0.019555 0.00809211 -0.149012 0.0214469 0.00478355 -0.149007 0.00866025 0.00400979 -0.149006 0.0226084 -0.00021644 -0.149 0.023 0.0152785 -0.149022 0.0169972 0.0084438 -0.149012 0.005 0.0181379 -0.149027 0.0138606 0.0226854 -0.149033 -0.00212217 0.0226854 -0.149033 0.00212217 0.00978355 -0.149014 -2.77556e-17 0.0219055 -0.149032 0.00629425 0.0203723 -0.14903 0.010252 0.0219055 -0.149032 -0.00629425 0.0084438 -0.149012 -0.005 0.0203723 -0.14903 -0.010252 0.00809211 -0.149012 -0.0214469 0.00478355 -0.149007 -0.00866025 0.00400979 -0.149006 -0.0226084 -0.00021644 -0.149 -0.023 0.0118915 -0.149017 -0.019555 0.0152785 -0.149022 -0.0169972 0.0181379 -0.149027 -0.0138606 0.00227098 -0.157664 0.00433013 0.0041011 -0.157666 0.0025 0.00477097 -0.157667 -2.77556e-17 0.00978355 -0.149014 -2.60209e-17 0.0041011 -0.157666 -0.0025 0.00227098 -0.157664 -0.00433013 -0.000229021 -0.15766 -0.005 -0.00272902 -0.157656 -0.00433013 -0.00455914 -0.157654 -0.0025 -0.00522901 -0.157653 -3.46945e-17 -0.0102164 -0.148985 -3.64292e-17 -0.00455914 -0.157654 0.0025 -0.00272902 -0.157656 0.00433013 -0.000229021 -0.15766 0.005 -0.00282709 -0.157656 0.0015 -0.00322902 -0.157656 -3.29597e-17 -0.00522901 -0.157653 -3.1225e-17 -0.00282709 -0.157656 -0.0015 -0.00172902 -0.157658 -0.00259808 -0.000229021 -0.15766 -0.003 0.00127098 -0.157662 -0.00259808 0.00236905 -0.157664 -0.0015 0.00277098 -0.157664 -2.94903e-17 0.00477097 -0.157667 -2.94903e-17 0.00236905 -0.157664 0.0015 0.00127098 -0.157662 0.00259808 -0.000229021 -0.15766 0.003 -0.00172902 -0.157658 0.00259808 0.00125936 -0.165662 0.00259808 0.00235743 -0.165664 0.0015 0.00275936 -0.165664 -2.94903e-17 0.00235743 -0.165664 -0.0015 0.00125936 -0.165662 -0.00259808 -0.000240641 -0.16566 -0.003 -0.00174064 -0.165658 -0.00259808 -0.00283871 -0.165656 -0.0015 -0.00324064 -0.165656 -3.46945e-17 -0.00283871 -0.165656 0.0015 -0.00174064 -0.165658 0.00259808 -0.000240641 -0.16566 0.003 -0.000254499 -0.175199 -3.29597e-17 -0.00324064 -0.165656 -3.29597e-17 -0.0410903 -0.10794 -0.0186937 -0.0341656 -0.10795 -0.0294687 -0.0300905 -0.107956 -0.0217481 0.0241719 -0.108035 -0.0378564 0.0338518 -0.108049 -0.0294687 0.026006 -0.108038 -0.026163 -0.0244857 -0.107965 -0.0378564 -0.0128348 -0.107981 -0.0431772 -0.0115905 -0.107983 -0.0351891 -0.0169545 -0.107975 -0.0329672 -0.0219049 -0.107968 -0.0299336 -0.0263198 -0.107962 -0.026163 0.044385 -0.108065 0.00640417 0.0407765 -0.108059 0.0186937 0.0350322 -0.108051 0.0114336 0.0215911 -0.108031 -0.0299336 0.0166407 -0.108024 -0.0329672 0.0125211 -0.108018 -0.0431772 -0.0341656 -0.10795 0.0294687 -0.0410903 -0.10794 0.0186937 -0.0331241 -0.107952 0.0167976 -0.0300905 -0.107956 0.0217481 -0.0263198 -0.107962 0.026163 -0.0244857 -0.107965 0.0378564 -0.0219049 -0.107968 0.0299336 -0.0169545 -0.107975 0.0329672 -0.0128348 -0.107981 0.0431772 0.0338518 -0.108049 0.0294687 0.0297767 -0.108043 0.0217481 0.0328103 -0.108048 0.0167976 0.0112767 -0.108016 -0.0351891 0.00563119 -0.108008 -0.0365445 -0.000156883 -0.108 -0.045 -0.000156883 -0.108 -0.037 -0.00594495 -0.107991 -0.0365445 -0.0331241 -0.107952 -0.0167976 -0.0353459 -0.107949 -0.0114336 -0.0446988 -0.107935 -0.00640417 -0.0367013 -0.107947 -0.00578808 -0.0446988 -0.107935 0.00640417 -0.0371568 -0.107946 1.9082e-17 -0.0367013 -0.107947 0.00578808 -0.0353459 -0.107949 0.0114336 0.0363875 -0.108053 0.00578808 0.0368431 -0.108054 -2.42861e-17 0.044385 -0.108065 -0.00640417 0.0363875 -0.108053 -0.00578808 0.0407765 -0.108059 -0.0186937 0.0350322 -0.108051 -0.0114336 0.0328103 -0.108048 -0.0167976 0.0297767 -0.108043 -0.0217481 -0.0115905 -0.107983 0.0351891 -0.00594495 -0.107991 0.0365445 -0.000156883 -0.108 0.045 -0.000156883 -0.108 0.037 0.0125211 -0.108018 0.0431772 0.00563119 -0.108008 0.0365445 0.0112767 -0.108016 0.0351891 0.0241719 -0.108035 0.0378564 0.0166407 -0.108024 0.0329672 0.0215911 -0.108031 0.0299336 0.026006 -0.108038 0.026163 0.00531541 -0.110008 -0.0345691 0.00530379 -0.118008 -0.0345691 -0.000159788 -0.11 -0.035 -0.000171409 -0.118 -0.035 -0.00563499 -0.109992 -0.0345691 -0.00564661 -0.117992 -0.0345691 -0.0109754 -0.109984 -0.033287 -0.010987 -0.117984 -0.033287 -0.0160494 -0.109977 -0.0311852 -0.0160611 -0.117977 -0.0311852 -0.0207323 -0.10997 -0.0283156 -0.0207439 -0.11797 -0.0283156 -0.0249085 -0.109964 -0.0247487 -0.0249201 -0.117964 -0.0247487 -0.0284754 -0.109959 -0.0205725 -0.028487 -0.117959 -0.0205725 -0.031345 -0.109955 -0.0158897 -0.0313566 -0.117955 -0.0158897 -0.0334467 -0.109952 -0.0108156 -0.0334584 -0.117952 -0.0108156 -0.0347288 -0.10995 -0.00547521 -0.0347405 -0.11795 -0.00547521 -0.0351598 -0.109949 1.73472e-17 -0.0351714 -0.117949 1.38778e-17 -0.0347288 -0.10995 0.00547521 -0.0347405 -0.11795 0.00547521 -0.0334467 -0.109952 0.0108156 -0.0334584 -0.117952 0.0108156 -0.031345 -0.109955 0.0158897 -0.0313566 -0.117955 0.0158897 -0.0284754 -0.109959 0.0205725 -0.028487 -0.117959 0.0205725 -0.0249085 -0.109964 0.0247487 -0.0249201 -0.117964 0.0247487 -0.0207323 -0.10997 0.0283156 -0.0207439 -0.11797 0.0283156 -0.0160494 -0.109977 0.0311852 -0.0160611 -0.117977 0.0311852 -0.0109754 -0.109984 0.033287 -0.010987 -0.117984 0.033287 -0.00563499 -0.109992 0.0345691 -0.00564661 -0.117992 0.0345691 -0.000159788 -0.11 0.035 -0.000171409 -0.118 0.035 0.00531541 -0.110008 0.0345691 0.00530379 -0.118008 0.0345691 0.0106558 -0.110016 0.033287 0.0106442 -0.118016 0.033287 0.0157299 -0.110023 0.0311852 0.0157182 -0.118023 0.0311852 0.0204127 -0.11003 0.0283156 0.0204011 -0.11803 0.0283156 0.0245889 -0.110036 0.0247487 0.0245773 -0.118036 0.0247487 0.0281558 -0.110041 0.0205725 0.0281442 -0.118041 0.0205725 0.0310254 -0.110045 0.0158897 0.0310138 -0.118045 0.0158897 0.0331272 -0.110048 0.0108156 0.0331155 -0.118048 0.0108156 0.0344093 -0.11005 0.00547521 0.0343976 -0.11805 0.00547521 0.0348402 -0.110051 -2.25514e-17 0.0348286 -0.118051 -2.42861e-17 0.0344093 -0.11005 -0.00547521 0.0343976 -0.11805 -0.00547521 0.0331272 -0.110048 -0.0108156 0.0331155 -0.118048 -0.0108156 0.0310254 -0.110045 -0.0158897 0.0310138 -0.118045 -0.0158897 0.0281558 -0.110041 -0.0205725 0.0281442 -0.118041 -0.0205725 0.0245889 -0.110036 -0.0247487 0.0245773 -0.118036 -0.0247487 0.0204127 -0.11003 -0.0283156 0.0204011 -0.11803 -0.0283156 0.0157299 -0.110023 -0.0311852 0.0157182 -0.118023 -0.0311852 0.0106558 -0.110016 -0.033287 0.0106442 -0.118016 -0.033287 7.2631e-05 0.0499999 0.05 7.2631e-05 0.0499999 -0.05 0.0135598 0.0481262 0.05 0.0135598 0.0481262 -0.05 0.0260412 0.0426832 0.05 0.0260412 0.0426832 -0.05 0.0365913 0.0340745 0.05 0.0365913 0.0340745 -0.05 0.0444276 0.0229387 0.05 0.0444276 0.0229387 -0.05 0.0489689 0.0101017 0.05 0.0489689 0.0101017 -0.05 0.0498784 -0.00348458 0.05 0.0498784 -0.00348458 -0.05 0.0470887 -0.0168124 0.05 0.0470887 -0.0168124 -0.05 0.0408066 -0.0288933 0.05 0.0408066 -0.0288933 -0.05 0.031498 -0.0388314 0.05 0.031498 -0.0388314 -0.05 0.0198534 -0.0458895 0.05 0.0198534 -0.0458895 -0.05 0.00673637 -0.0495441 0.05 0.00673637 -0.0495441 -0.05 -7.2631e-05 -0.0499999 0.05 -7.2631e-05 -0.0499999 -0.05 -0.00688028 -0.0495244 0.05 -0.00688028 -0.0495244 -0.05 -0.0199867 -0.0458316 0.05 -0.0199867 -0.0458316 -0.05 -0.0316107 -0.0387397 0.05 -0.0316107 -0.0387397 -0.05 -0.0408903 -0.0287746 0.05 -0.0408903 -0.0287746 -0.05 -0.0471373 -0.0166755 0.05 -0.0471373 -0.0166755 -0.05 -0.0498883 -0.00333966 0.05 -0.0498883 -0.00333966 -0.05 -0.0489394 0.0102439 0.05 -0.0489394 0.0102439 -0.05 -0.0443608 0.0230677 0.05 -0.0443608 0.0230677 -0.05 -0.0364922 0.0341807 0.05 -0.0364922 0.0341807 -0.05 -0.0259171 0.0427587 0.05 -0.0259171 0.0427587 -0.05 -0.0134199 0.0481654 0.05 -0.0134199 0.0481654 -0.05 -0.0397323 0.184314 0.05 0.0402676 0.184198 0.05 -0.0397323 0.184314 -0.05 0.0402676 0.184198 -0.05 -0.0643673 0.00904726 0.05 -0.0643673 0.00904726 -0.05 -0.0647472 -0.00572704 0.05 -0.0617798 -0.0202053 0.05 0.0643933 0.00886022 0.05 0.0216978 -0.0612716 0.05 0.00729578 -0.0645893 0.05 -0.0556186 -0.0336389 0.05 -0.0465819 -0.0453335 0.05 -0.035137 -0.0546844 0.05 -0.0218757 -0.0612083 0.05 -0.00748339 -0.0645678 0.05 0.034978 -0.0547863 0.05 0.04645 -0.0454686 0.05 0.0555206 -0.0338004 0.05 0.0617209 -0.0203847 0.05 0.0647303 -0.00591513 0.05 0.0643933 0.00886022 -0.05 0.0617209 -0.0203847 -0.05 0.0647303 -0.00591513 -0.05 -0.0647472 -0.00572704 -0.05 -0.0617798 -0.0202053 -0.05 -0.0556186 -0.0336389 -0.05 -0.0465819 -0.0453335 -0.05 -0.035137 -0.0546844 -0.05 -0.0218757 -0.0612083 -0.05 -0.00748339 -0.0645678 -0.05 0.00729578 -0.0645893 -0.05 0.0555206 -0.0338004 -0.05 0.04645 -0.0454686 -0.05 0.034978 -0.0547863 -0.05 0.0216978 -0.0612716 -0.05 0.0186641 -0.0622627 0.0409056 0.0217419 -0.0612559 0.0393499 -9.44203e-05 -0.0649999 -0.045 0.00634335 -0.0646897 -0.0445372 0.00730784 -0.0645879 -0.0443871 0.0125853 -0.06377 -0.0431772 0.0186638 -0.0622628 -0.0409057 0.0339282 -0.0554425 -0.0294687 0.0294163 -0.0579627 -0.0339812 0.0242413 -0.0603105 -0.0378564 0.0217419 -0.0612559 -0.0393499 0.0408601 -0.0505515 0.0186937 0.0430833 -0.0486706 0.0127569 0.0444732 -0.047404 0.00640417 0.0449318 -0.0469695 2.49989e-05 0.0444732 -0.047404 -0.00640417 0.0430889 -0.0486657 -0.0127378 0.0408601 -0.0505515 -0.0186937 0.0377744 -0.052897 -0.024337 0.0350306 -0.0547527 -0.0281475 0.0242413 -0.0603105 0.0378564 0.0293887 -0.0579767 0.0340051 0.0339282 -0.0554425 0.0294687 0.0350301 -0.054753 0.0281481 0.0377524 -0.0529127 0.024371 -9.44203e-05 -0.0649999 0.045 -0.00651227 -0.0646729 0.0445399 -0.00749568 -0.0645664 0.0443871 0.00634107 -0.06469 0.0445375 0.00730787 -0.0645879 0.0443871 0.0125853 -0.06377 0.0431772 -0.0127706 -0.0637331 0.0431772 -0.0188357 -0.0622111 0.0409098 -0.0340892 -0.0553437 0.0294687 -0.0295793 -0.0578797 0.0339858 -0.0244164 -0.0602399 0.0378564 -0.0219199 -0.0611925 0.0393498 -0.0410067 -0.0504326 -0.0186937 -0.0432231 -0.0485465 -0.0127616 -0.0446107 -0.0472746 -0.00640417 -0.0450681 -0.0468387 1.1426e-05 -0.0446107 -0.0472746 0.00640417 -0.0432202 -0.0485491 0.0127713 -0.0410067 -0.0504326 0.0186937 -0.0379058 -0.052803 0.0243714 -0.035189 -0.054651 0.0281481 -0.0295841 -0.0578773 -0.0339816 -0.0340892 -0.0553437 -0.0294687 -0.0351893 -0.0546508 -0.0281478 -0.0379183 -0.052794 -0.024352 -0.00653388 -0.0646708 -0.0445368 -0.00749542 -0.0645664 -0.0443871 -0.0127706 -0.0637331 -0.0431772 -0.0188677 -0.0622014 -0.0408951 -0.0219195 -0.0611926 -0.03935 -0.0244164 -0.0602399 -0.0378564 0.00419393 -0.148738 -0.0235914 0.00845374 -0.148744 -0.0223793 0.0124183 -0.14875 -0.0204052 0.0159526 -0.148755 -0.0177362 0.0189363 -0.14876 -0.0144632 0.0212678 -0.148763 -0.0106977 0.0228677 -0.148765 -0.00656791 0.0236815 -0.148767 -0.00221444 0.0236815 -0.148767 0.00221444 0.0228677 -0.148765 0.00656791 0.0212678 -0.148763 0.0106977 0.0189363 -0.14876 0.0144632 0.0159526 -0.148755 0.0177362 0.0124183 -0.14875 0.0204052 0.00845374 -0.148744 0.0223793 0.00419393 -0.148738 0.0235914 -0.000216051 -0.148732 0.024 -0.00462603 -0.148725 0.0235914 -0.00888584 -0.148719 0.0223793 -0.0128504 -0.148714 0.0204052 -0.0163847 -0.148708 0.0177362 -0.0193684 -0.148704 0.0144632 -0.0216999 -0.148701 0.0106977 -0.0232998 -0.148698 0.00656791 -0.0241136 -0.148697 0.00221444 -0.0241136 -0.148697 -0.00221444 -0.0232998 -0.148698 -0.00656791 -0.0216999 -0.148701 -0.0106977 -0.0193684 -0.148704 -0.0144632 -0.0163847 -0.148708 -0.0177362 -0.0128504 -0.148714 -0.0204052 -0.00888584 -0.148719 -0.0223793 -0.00462603 -0.148725 -0.0235914 -0.000216051 -0.148732 -0.024 0.00432951 -0.148006 -0.0243109 0.00871925 -0.148013 -0.0230619 0.0128047 -0.148019 -0.0210276 0.0164469 -0.148024 -0.0182772 0.0195216 -0.148029 -0.0149044 0.0219242 -0.148032 -0.011024 0.0235729 -0.148034 -0.00676825 0.0244115 -0.148036 -0.00228199 0.0244115 -0.148036 0.00228199 0.0235729 -0.148034 0.00676825 0.0219242 -0.148032 0.011024 0.0195216 -0.148029 0.0149044 0.0164469 -0.148024 0.0182772 0.0128047 -0.148019 0.0210276 0.00871925 -0.148013 0.0230619 0.00432951 -0.148006 0.0243109 -0.000214988 -0.148 0.0247321 -0.00475949 -0.147993 0.0243109 -0.00914923 -0.147987 0.0230619 -0.0132347 -0.147981 0.0210276 -0.0168768 -0.147976 0.0182772 -0.0199516 -0.147971 0.0149044 -0.0223542 -0.147968 0.011024 -0.0240029 -0.147965 0.00676825 -0.0248415 -0.147964 0.00228199 -0.0248415 -0.147964 -0.00228199 -0.0240029 -0.147965 -0.00676825 -0.0223542 -0.147968 -0.011024 -0.0199516 -0.147971 -0.0149044 -0.0168768 -0.147976 -0.0182772 -0.0132347 -0.147981 -0.0210276 -0.00914923 -0.147987 -0.0230619 -0.00475949 -0.147993 -0.0243109 -0.000214988 -0.148 -0.0247321 0.00421494 -0.134274 0.0235914 0.00847475 -0.13428 0.0223793 0.0124393 -0.134286 0.0204052 0.0159736 -0.134291 0.0177362 0.0189574 -0.134296 0.0144632 0.0212889 -0.134299 0.0106977 0.0228887 -0.134301 0.00656791 0.0237026 -0.134303 0.00221444 0.0237026 -0.134303 -0.00221444 0.0228887 -0.134301 -0.00656791 0.0212889 -0.134299 -0.0106977 0.0189574 -0.134296 -0.0144632 0.0159736 -0.134291 -0.0177362 0.0124393 -0.134286 -0.0204052 0.00847475 -0.13428 -0.0223793 0.00421494 -0.134274 -0.0235914 -0.00019504 -0.134268 -0.024 -0.00460502 -0.134261 -0.0235914 -0.00886483 -0.134255 -0.0223793 -0.0128294 -0.134249 -0.0204052 -0.0163637 -0.134244 -0.0177362 -0.0193474 -0.13424 -0.0144632 -0.0216789 -0.134237 -0.0106977 -0.0232788 -0.134234 -0.00656791 -0.0240926 -0.134233 -0.00221444 -0.0240926 -0.134233 0.00221444 -0.0232788 -0.134234 0.00656791 -0.0216789 -0.134237 0.0106977 -0.0193474 -0.13424 0.0144632 -0.0163637 -0.134244 0.0177362 -0.0128294 -0.134249 0.0204052 -0.00886483 -0.134255 0.0223793 -0.00460502 -0.134261 0.0235914 -0.00019504 -0.134268 0.024 0.00434839 -0.135006 0.0243109 0.00873813 -0.135013 0.0230619 0.0128236 -0.135019 0.0210276 0.0164658 -0.135024 0.0182772 0.0195405 -0.135029 0.0149044 0.0219431 -0.135032 0.011024 0.0235918 -0.135034 0.00676825 0.0244304 -0.135036 0.00228199 0.0244304 -0.135036 -0.00228199 0.0235918 -0.135034 -0.00676825 0.0219431 -0.135032 -0.011024 0.0195405 -0.135029 -0.0149044 0.0164658 -0.135024 -0.0182772 0.0128236 -0.135019 -0.0210276 0.00873813 -0.135013 -0.0230619 0.00434839 -0.135006 -0.0243109 -0.000196104 -0.135 -0.0247321 -0.0047406 -0.134993 -0.0243109 -0.00913034 -0.134987 -0.0230619 -0.0132158 -0.134981 -0.0210276 -0.016858 -0.134976 -0.0182772 -0.0199327 -0.134971 -0.0149044 -0.0223353 -0.134968 -0.011024 -0.023984 -0.134965 -0.00676825 -0.0248226 -0.134964 -0.00228199 -0.0248226 -0.134964 0.00228199 -0.023984 -0.134965 0.00676825 -0.0223353 -0.134968 0.011024 -0.0199327 -0.134971 0.0149044 -0.016858 -0.134976 0.0182772 -0.0132158 -0.134981 0.0210276 -0.00913034 -0.134987 0.0230619 -0.0047406 -0.134993 0.0243109 -0.000196104 -0.135 0.0247321 0.00514484 -0.11974 -0.0335814 0.0103326 -0.119747 -0.0323359 0.0152617 -0.119754 -0.0302942 0.0198108 -0.119761 -0.0275066 0.0238677 -0.119767 -0.0240416 0.0273326 -0.119772 -0.0199847 0.0301203 -0.119776 -0.0154357 0.032162 -0.119779 -0.0105066 0.0334074 -0.119781 -0.00531877 0.033826 -0.119781 -2.60209e-17 0.0334074 -0.119781 0.00531877 0.032162 -0.119779 0.0105066 0.0301203 -0.119776 0.0154357 0.0273326 -0.119772 0.0199847 0.0238677 -0.119767 0.0240416 0.0198108 -0.119761 0.0275066 0.0152617 -0.119754 0.0302942 0.0103326 -0.119747 0.0323359 0.00514484 -0.11974 0.0335814 -0.000173925 -0.119732 0.034 -0.00549269 -0.119724 0.0335814 -0.0106805 -0.119717 0.0323359 -0.0156096 -0.11971 0.0302942 -0.0201586 -0.119703 0.0275066 -0.0242155 -0.119697 0.0240416 -0.0276805 -0.119692 0.0199847 -0.0304681 -0.119688 0.0154357 -0.0325098 -0.119685 0.0105066 -0.0337553 -0.119683 0.00531877 -0.0341739 -0.119683 1.38778e-17 -0.0337553 -0.119683 -0.00531877 -0.0325098 -0.119685 -0.0105066 -0.0304681 -0.119688 -0.0154357 -0.0276805 -0.119692 -0.0199847 -0.0242155 -0.119697 -0.0240416 -0.0201586 -0.119703 -0.0275066 -0.0156096 -0.11971 -0.0302942 -0.0106805 -0.119717 -0.0323359 -0.00549269 -0.119724 -0.0335814 -0.000173925 -0.119732 -0.034 0.00526042 -0.119008 -0.0343044 0.0105599 -0.119015 -0.0330321 0.0155951 -0.119023 -0.0309465 0.0202421 -0.11903 -0.0280988 0.0243864 -0.119036 -0.0245593 0.0279259 -0.119041 -0.020415 0.0307736 -0.119045 -0.015768 0.0328592 -0.119048 -0.0107328 0.0341315 -0.11905 -0.00543329 0.0345592 -0.11905 -2.42861e-17 0.0341315 -0.11905 0.00543329 0.0328592 -0.119048 0.0107328 0.0307736 -0.119045 0.015768 0.0279259 -0.119041 0.020415 0.0243864 -0.119036 0.0245593 0.0202421 -0.11903 0.0280988 0.0155951 -0.119023 0.0309465 0.0105599 -0.119015 0.0330321 0.00526042 -0.119008 0.0343044 -0.000172862 -0.119 0.0347321 -0.00560615 -0.118992 0.0343044 -0.0109056 -0.118984 0.0330321 -0.0159409 -0.118977 0.0309465 -0.0205878 -0.11897 0.0280988 -0.0247321 -0.118964 0.0245593 -0.0282717 -0.118959 0.020415 -0.0311193 -0.118955 0.015768 -0.033205 -0.118952 0.0107328 -0.0344773 -0.11895 0.00543329 -0.0349049 -0.118949 1.38778e-17 -0.0344773 -0.11895 -0.00543329 -0.033205 -0.118952 -0.0107328 -0.0311193 -0.118955 -0.015768 -0.0282717 -0.118959 -0.020415 -0.0247321 -0.118964 -0.0245593 -0.0205878 -0.11897 -0.0280988 -0.0159409 -0.118977 -0.0309465 -0.0109056 -0.118984 -0.0330321 -0.00560615 -0.118992 -0.0343044 -0.000172862 -0.119 -0.0347321 -0.000157272 -0.108268 -0.036 0.00547436 -0.108276 -0.0355568 0.0109673 -0.108284 -0.034238 0.0161864 -0.108292 -0.0320762 0.021003 -0.108299 -0.0291246 0.0252985 -0.108305 -0.0254558 0.0289673 -0.10831 -0.0211603 0.0319189 -0.108314 -0.0163437 0.0340807 -0.108318 -0.0111246 0.0353995 -0.108319 -0.00563164 0.0358427 -0.10832 -2.42861e-17 0.0353995 -0.108319 0.00563164 0.0340807 -0.108318 0.0111246 0.0319189 -0.108314 0.0163437 0.0289673 -0.10831 0.0211603 0.0252985 -0.108305 0.0254558 0.021003 -0.108299 0.0291246 0.0161864 -0.108292 0.0320762 0.0109673 -0.108284 0.034238 0.00547436 -0.108276 0.0355568 -0.000157272 -0.108268 0.036 -0.00578891 -0.10826 0.0355568 -0.0112819 -0.108252 0.034238 -0.0165009 -0.108244 0.0320762 -0.0213175 -0.108237 0.0291246 -0.0256131 -0.108231 0.0254558 -0.0292819 -0.108226 0.0211603 -0.0322335 -0.108221 0.0163437 -0.0343953 -0.108218 0.0111246 -0.035714 -0.108216 0.00563164 -0.0361572 -0.108216 1.73472e-17 -0.035714 -0.108216 -0.00563164 -0.0343953 -0.108218 -0.0111246 -0.0322335 -0.108221 -0.0163437 -0.0292819 -0.108226 -0.0211603 -0.0256131 -0.108231 -0.0254558 -0.0213175 -0.108237 -0.0291246 -0.0165009 -0.108244 -0.0320762 -0.0112819 -0.108252 -0.034238 -0.00578891 -0.10826 -0.0355568 -0.000158336 -0.109 -0.0352679 0.00535878 -0.109008 -0.0348337 0.01074 -0.109016 -0.0335418 0.015853 -0.109023 -0.031424 0.0205716 -0.10903 -0.0285324 0.0247798 -0.109036 -0.0249382 0.028374 -0.109041 -0.02073 0.0312656 -0.109046 -0.0160113 0.0333834 -0.109049 -0.0108984 0.0346754 -0.10905 -0.00551712 0.0351096 -0.109051 -2.42861e-17 0.0346754 -0.10905 0.00551712 0.0333834 -0.109049 0.0108984 0.0312656 -0.109046 0.0160113 0.028374 -0.109041 0.02073 0.0247798 -0.109036 0.0249382 0.0205716 -0.10903 0.0285324 0.015853 -0.109023 0.031424 0.01074 -0.109016 0.0335418 0.00535878 -0.109008 0.0348337 -0.000158336 -0.109 0.0352679 -0.00567545 -0.108992 0.0348337 -0.0110567 -0.108984 0.0335418 -0.0161696 -0.108977 0.031424 -0.0208883 -0.10897 0.0285324 -0.0250965 -0.108964 0.0249382 -0.0286907 -0.108958 0.02073 -0.0315823 -0.108954 0.0160113 -0.0337001 -0.108951 0.0108984 -0.034992 -0.108949 0.00551712 -0.0354262 -0.108949 1.56125e-17 -0.034992 -0.108949 -0.00551712 -0.0337001 -0.108951 -0.0108984 -0.0315823 -0.108954 -0.0160113 -0.0286907 -0.108958 -0.02073 -0.0250965 -0.108964 -0.0249382 -0.0208883 -0.10897 -0.0285324 -0.0161696 -0.108977 -0.031424 -0.0110567 -0.108984 -0.0335418 -0.00567545 -0.108992 -0.0348337 -0.000175041 -0.1205 -0.020134 -0.00610963 -0.120491 -0.0192395 -0.0115169 -0.120483 -0.0166355 -0.0159164 -0.120477 -0.0125533 -0.0189172 -0.120473 -0.00735577 -0.0202527 -0.120471 -0.00150461 -0.0198042 -0.120471 0.00448023 -0.0176116 -0.120475 0.010067 -0.0138696 -0.12048 0.0147592 -0.00891084 -0.120487 0.0181401 -0.00317585 -0.120496 0.0199091 0.00282577 -0.120504 0.0199091 0.00856075 -0.120513 0.0181401 0.0135195 -0.12052 0.0147592 0.0172615 -0.120525 0.010067 0.0194541 -0.120528 0.00448023 0.0199026 -0.120529 -0.00150461 0.0185671 -0.120527 -0.00735577 0.0155663 -0.120523 -0.0125533 0.0111668 -0.120516 -0.0166355 0.00575955 -0.120508 -0.0192395 0.00586797 -0.120143 -0.0195892 0.0113735 -0.120151 -0.0169379 0.015853 -0.120157 -0.0127815 0.0189084 -0.120162 -0.00748949 0.0202681 -0.120164 -0.00153197 0.0198115 -0.120163 0.00456168 0.017579 -0.12016 0.01025 0.013769 -0.120154 0.0150276 0.0087201 -0.120147 0.0184699 0.00288085 -0.120138 0.020271 -0.00322987 -0.120129 0.020271 -0.00906912 -0.120121 0.0184699 -0.014118 -0.120114 0.0150276 -0.017928 -0.120108 0.01025 -0.0201605 -0.120105 0.00456168 -0.0206172 -0.120104 -0.00153197 -0.0192574 -0.120106 -0.00748949 -0.016202 -0.120111 -0.0127815 -0.0117226 -0.120117 -0.0169379 -0.00621698 -0.120125 -0.0195892 -0.000174509 -0.120134 -0.0205 -0.00612851 -0.133491 0.0192395 -0.0115358 -0.133483 0.0166355 -0.0159353 -0.133477 0.0125533 -0.0189361 -0.133473 0.00735577 -0.0202716 -0.133471 0.00150461 -0.0198231 -0.133471 -0.00448023 -0.0176304 -0.133475 -0.010067 -0.0138885 -0.13348 -0.0147592 -0.00892972 -0.133487 -0.0181401 -0.00319473 -0.133495 -0.0199091 0.00280689 -0.133504 -0.0199091 0.00854187 -0.133513 -0.0181401 0.0135006 -0.13352 -0.0147592 0.0172426 -0.133525 -0.010067 0.0194352 -0.133528 -0.00448023 0.0198837 -0.133529 0.00150461 0.0185482 -0.133527 0.00735577 0.0155474 -0.133523 0.0125533 0.0111479 -0.133516 0.0166355 0.00574066 -0.133508 0.0192395 -0.000193925 -0.1335 0.020134 0.00584802 -0.133875 0.0195892 0.0113536 -0.133883 0.0169379 0.0158331 -0.133889 0.0127815 0.0188884 -0.133894 0.00748949 0.0202482 -0.133896 0.00153197 0.0197915 -0.133895 -0.00456168 0.017559 -0.133892 -0.01025 0.0137491 -0.133886 -0.0150276 0.00870015 -0.133879 -0.0184699 0.00286091 -0.13387 -0.020271 -0.00324982 -0.133861 -0.020271 -0.00908906 -0.133853 -0.0184699 -0.014138 -0.133846 -0.0150276 -0.017948 -0.13384 -0.01025 -0.0201805 -0.133837 -0.00456168 -0.0206371 -0.133836 0.00153197 -0.0192773 -0.133838 0.00748949 -0.016222 -0.133843 0.0127815 -0.0117425 -0.133849 0.0169379 -0.00623693 -0.133857 0.0195892 -0.000194457 -0.133866 0.0205</float_array>
                    <technique_common>
                        <accessor count="1003" source="#shape0-lib-positions-array" stride="3">
                            <param name="X" type="float"/>
                            <param name="Y" type="float"/>
                            <param name="Z" type="float"/>
                        </accessor>
                    </technique_common>
                </source>
                <source id="shape0-lib-normals" name="normal">
                    <float_array id="shape0-lib-normals-array" count="5988">-0.00145286 -0.999999 4.62516e-07 -0.00145278 -0.999999 3.83711e-07 -0.00145205 -0.999999 -4.38533e-07 -0.00145287 -0.999999 3.34169e-07 -0.00145297 -0.999999 3.68048e-07 -0.0014528 -0.999999 4.14663e-07 -0.00145209 -0.999999 -9.42569e-07 -0.00145303 -0.999999 -1.83674e-07 -0.00145287 -0.999999 4.03231e-07 -0.00145266 -0.999999 -5.74366e-07 -0.00145279 -0.999999 -4.07734e-07 -0.00145294 -0.999999 6.24285e-07 -0.00145282 -0.999999 4.3042e-07 -0.00145248 -0.999999 -2.07944e-07 -0.00145261 -0.999999 -4.66779e-07 -0.00145258 -0.999999 2.40845e-07 -0.00145255 -0.999999 3.00312e-07 -0.00145262 -0.999999 -3.06527e-07 -0.00145239 -0.999999 1.78477e-07 -0.00145249 -0.999999 -1.92201e-07 -0.00145294 -0.999999 -6.2122e-07 -0.00145249 -0.999999 5.0374e-07 -0.00145306 -0.999999 1.19792e-07 -0.00145301 -0.999999 1.503e-07 -0.00145332 -0.999999 -2.6808e-07 -0.00145169 -0.999999 4.71662e-07 -0.00145263 -0.999999 -5.96309e-07 -0.00145208 -0.999999 0 -0.00145191 -0.999999 -4.31982e-08 -0.001453 -0.999999 -2.30327e-07 -0.00145248 -0.999999 2.08038e-07 -0.00145239 -0.999999 -1.78489e-07 -0.001453 -0.999999 2.30298e-07 -0.00145191 -0.999999 4.31982e-08 -0.00145286 -0.999999 -4.62516e-07 -0.00145263 -0.999999 3.05374e-07 -0.00145255 -0.999999 -2.39339e-07 -0.00145258 -0.999999 -3.01797e-07 -0.00145261 -0.999999 4.6701e-07 -0.00145332 -0.999999 2.68266e-07 -0.00145301 -0.999999 -1.50642e-07 -0.00145306 -0.999999 -1.19763e-07 -0.00145249 -0.999999 -5.04251e-07 -0.00145294 -0.999999 6.21681e-07 -0.00145249 -0.999999 1.92387e-07 -0.00145263 -0.999999 5.96081e-07 -0.00145169 -0.999999 -4.71317e-07 -0.00145279 -0.999999 4.08153e-07 -0.00145266 -0.999999 5.75058e-07 -0.00145287 -0.999999 -4.03287e-07 -0.0014528 -0.999999 -4.14849e-07 -0.00145282 -0.999999 -4.30189e-07 -0.00145294 -0.999999 -6.24968e-07 -0.00145205 -0.999999 4.38672e-07 -0.00145303 -0.999999 1.83961e-07 -0.00145209 -0.999999 9.42113e-07 -0.00145192 -0.999999 0 -0.00145192 -0.999999 0 -0.00145278 -0.999999 -3.83665e-07 -0.00145297 -0.999999 -3.68005e-07 -0.00145287 -0.999999 -3.34341e-07 -0.486989 0.000707409 0.873408 -0.351374 0.000510417 0.936235 -0.280374 0.0153029 0.959769 -0.149043 -0.0183956 0.98866 -0.420284 -0.0217133 0.907133 -0.563195 0.0194302 0.826096 -0.657913 -0.0102195 0.753024 -0.712375 0.00103476 0.701798 -0.762828 0.00110805 0.646601 -0.808983 0.00862699 0.587769 -0.865902 -0.0173541 0.499913 -0.913508 0.00877877 0.406725 -0.941385 0.00136756 0.337331 -0.963962 0.00140036 0.266037 -0.981102 -0.00974998 0.193243 -0.997003 0.0200603 0.0747171 -0.999886 -0.00227389 -0.0149589 -0.995973 0.0014467 -0.0896372 -0.98649 0.00143293 -0.163817 -0.97136 0.0163066 -0.237054 -0.930739 -0.0172601 -0.365278 -0.512899 0.000745045 -0.858449 -0.635115 0.000922588 -0.772417 -0.690964 0.0158993 -0.722715 -0.781722 -0.0174766 -0.623382 -0.826238 0.00120029 -0.56332 -0.900968 0.00130884 -0.433884 -0.575505 -0.0214874 -0.817516 -0.433781 0.0192422 -0.900813 -0.323205 -0.0107057 -0.946268 -0.251586 0.000365463 -0.967835 -0.178556 0.000259377 -0.98393 -0.104514 0.00760355 -0.994494 -2.70284e-05 -0.018612 -0.999827 0.104536 0.00729988 -0.994494 0.178556 -0.000259376 -0.98393 0.251586 -0.000365463 -0.967835 0.323173 -0.0116446 -0.946268 0.433835 0.0179819 -0.900813 0.51289 -0.00447136 -0.858443 0.575616 -0.000836158 -0.81772 0.635115 -0.000922588 -0.772417 0.691007 0.0138918 -0.722715 0.781668 -0.0197476 -0.623382 0.999887 -0.00145254 -0.0149591 0.98649 -0.00143308 -0.163818 0.971403 0.0134844 -0.237054 0.930685 -0.019964 -0.365278 0.900968 -0.0013087 -0.433884 0.826238 -0.00120016 -0.56332 0.995693 -0.0237686 -0.0896117 0.997057 0.0171637 0.0747168 0.98107 -0.0126003 0.193243 0.963962 -0.00140021 0.266037 0.941385 -0.00136741 0.337331 0.91353 0.00612477 0.406725 0.865847 -0.0198698 0.499913 0.809005 0.00627663 0.587769 0.762828 -0.00110811 0.6466 0.712375 -0.00103482 0.701798 0.657881 -0.0121308 0.753025 0.563249 0.0177938 0.826096 0.48698 -0.00443381 0.873402 0.420356 -0.000610623 0.907359 0.351374 -0.000510417 0.936235 0.280418 0.0144883 0.959769 0.148989 -0.0188285 0.98866 0.07473 -0.000108554 0.997204 -0.07473 0.000108554 0.997204 0.00145276 0.999999 8.40368e-07 0.0014557 0.999999 -2.09071e-06 0.00145458 0.999999 -4.45902e-07 0.0014538 0.999999 -2.41795e-06 0.00145113 0.999999 2.56978e-06 0.00145132 0.999999 6.58492e-07 0.00145467 0.999999 -6.52435e-07 0.00145334 0.999999 -8.95325e-07 0.00145165 0.999999 0 0.00145185 0.999999 6.93055e-07 0.0014534 0.999999 -2.42202e-07 0.00145462 0.999999 -2.52714e-06 0.00145792 0.999999 1.92856e-06 0.00145332 0.999999 2.02359e-06 0.00145481 0.999999 5.0686e-07 0.00145085 0.999999 4.81361e-06 0.00145304 0.999999 -4.20764e-07 0.00145168 0.999999 -7.98087e-08 0.00145136 0.999999 1.0436e-06 0.00145428 0.999999 0 0.00145481 0.999999 -5.0626e-07 0.00145136 0.999999 -2.12418e-07 0.00145455 0.999999 5.40908e-07 0.00145426 0.999999 1.2579e-06 0.00145663 0.999999 1.71564e-06 0.00145462 0.999999 2.52714e-06 0.00145132 0.999999 -3.8237e-06 0.00145453 0.999999 -1.06419e-06 0.00145132 0.999999 -6.58492e-07 0.00145236 0.999999 5.42116e-06 0.00145157 0.999999 4.20665e-06 0.00145365 0.999999 2.60179e-06 0.00145266 0.999999 0 0.00145163 0.999999 0 0.00145291 0.999999 2.68964e-06 0.00144903 0.999999 -3.05832e-07 0.00145212 0.999999 7.34994e-08 0.00145171 0.999999 -1.39034e-07 0.00145117 0.999999 2.71074e-07 0.00145682 0.999999 2.61143e-06 0.00145799 0.999999 2.55302e-06 0.00144987 0.999999 -2.63721e-06 0.00145274 0.999999 -9.26381e-07 0.00145446 0.999999 -3.33421e-06 0.00145203 0.999999 -6.73702e-06 0.00145053 0.999999 -5.84304e-06 0.00145145 0.999999 -4.62147e-06 0.00145301 0.999999 -4.12785e-06 0.00145812 0.999999 -3.88383e-06 0.00145799 0.999999 -2.55302e-06 0.00145426 0.999999 -2.73905e-06 0.00145285 0.999999 1.00238e-06 0.00145188 0.999999 2.69429e-07 0.00145206 0.999999 -3.27624e-07 0.00145301 0.999999 4.12785e-06 0.0922682 -0.00013403 0.995734 0.0922682 -0.000134031 0.995734 -0.0922682 0.000134031 0.995734 -0.0922682 0.00013403 0.995734 -0.273663 0.000397526 0.961826 -0.273663 0.000397526 0.961826 -0.445738 0.000647484 0.895163 -0.445738 0.000647483 0.895163 -0.602634 0.000875392 0.798017 -0.602634 0.000875342 0.798017 -0.739008 0.00107343 0.673696 -0.739008 0.00107355 0.673696 -0.850216 0.00123511 0.526432 -0.850216 0.00123496 0.526432 -0.932471 0.00135444 0.361242 -0.932471 0.00135444 0.361242 -0.982972 0.00142779 0.18375 -0.982972 0.00142796 0.183749 -0.999999 0.0014527 0 -0.999999 0.0014527 0 -0.982972 0.00142796 -0.18375 -0.982972 0.00142779 -0.183749 -0.932471 0.00135444 -0.361242 -0.932471 0.00135444 -0.361242 -0.850216 0.00123496 -0.526432 -0.850216 0.00123511 -0.526432 -0.739008 0.00107355 -0.673696 -0.739008 0.00107343 -0.673696 -0.602634 0.000875342 -0.798017 -0.602634 0.000875392 -0.798017 -0.445738 0.000647483 -0.895163 -0.445738 0.000647484 -0.895163 -0.273663 0.000397526 -0.961826 -0.273663 0.000397526 -0.961826 -0.0922682 0.00013403 -0.995734 -0.0922682 0.000134031 -0.995734 0.0922682 -0.000134031 -0.995734 0.0922682 -0.00013403 -0.995734 0.273663 -0.000397526 -0.961826 0.273663 -0.000397526 -0.961826 0.445738 -0.000647484 -0.895163 0.445738 -0.000647521 -0.895163 0.602634 -0.000875443 -0.798017 0.602634 -0.000875342 -0.798017 0.739008 -0.00107343 -0.673696 0.739008 -0.00107343 -0.673696 0.850216 -0.00123496 -0.526432 0.850216 -0.00123511 -0.526432 0.932471 -0.0013546 -0.361242 0.932471 -0.00135444 -0.361242 0.982972 -0.00142779 -0.183749 0.982972 -0.00142796 -0.18375 0.999999 -0.0014527 0 0.999999 -0.0014527 0 0.982972 -0.00142796 0.183749 0.982972 -0.00142779 0.18375 0.932471 -0.00135444 0.361242 0.932471 -0.0013546 0.361242 0.850216 -0.00123511 0.526432 0.850216 -0.00123496 0.526432 0.739008 -0.00107343 0.673696 0.739008 -0.00107343 0.673696 0.602634 -0.000875342 0.798017 0.602634 -0.000875443 0.798017 0.445738 -0.000647521 0.895163 0.445738 -0.000647484 0.895163 0.273663 -0.000397526 0.961826 0.273663 -0.000397526 0.961826 -0.00144943 -0.999999 -1.08329e-06 -0.0014513 -0.999999 2.76409e-07 -0.00145451 -0.999999 1.10726e-06 -0.00145214 -0.999999 -4.36206e-07 -0.0014531 -0.999999 7.72545e-07 -0.00145296 -0.999999 4.0991e-07 -0.00145305 -0.999999 5.03786e-07 -0.00145305 -0.999999 -5.03786e-07 -0.00145214 -0.999999 1.56529e-06 -0.00145213 -0.999999 1.66645e-06 -0.00145291 -0.999999 1.5195e-07 -0.00145294 -0.999999 0 -0.00145264 -0.999999 -1.80432e-06 -0.00145229 -0.999999 -3.43013e-08 -0.00145214 -0.999999 -1.56529e-06 -0.00145321 -0.999999 -6.7794e-07 -0.00145288 -0.999999 -4.91805e-07 -0.00145214 -0.999999 4.36206e-07 -0.00145451 -0.999999 -1.10726e-06 -0.0014513 -0.999999 -2.76409e-07 -0.00144943 -0.999999 1.08326e-06 -0.00145451 -0.999999 1.10713e-06 -0.00145259 -0.999999 6.11409e-07 -0.00145421 -0.999999 5.21552e-07 -0.00145266 -0.999999 0 -0.00145266 -0.999999 0 -0.00145214 -0.999999 -4.36206e-07 -0.00145288 -0.999999 4.91805e-07 -0.00145321 -0.999999 6.7794e-07 -0.00145294 -0.999999 0 -0.00145292 -0.999999 -1.51374e-07 -0.00145213 -0.999999 -1.66645e-06 -0.00145214 -0.999999 -1.56529e-06 -0.00145305 -0.999999 5.03786e-07 -0.00145292 -0.999999 1.51342e-07 -0.00145213 -0.999999 1.66638e-06 -0.00145214 -0.999999 1.56516e-06 -0.00145259 -0.999999 -6.11402e-07 -0.00145421 -0.999999 -5.21552e-07 -0.00145266 -0.999999 0 -0.00145266 -0.999999 0 -0.00145451 -0.999999 -1.10713e-06 -0.00145214 -0.999999 4.36142e-07 -0.00145288 -0.999999 -4.91702e-07 -0.00145321 -0.999999 -6.78004e-07 -0.00145305 -0.999999 -5.03786e-07 0.225336 -0.487386 0.84361 0.616858 -0.487955 0.617565 0.616857 -0.487955 0.617566 0.842902 -0.488283 0.226044 0.842902 -0.488283 0.226044 0.842902 -0.488283 -0.226044 0.842902 -0.488283 -0.226044 0.616858 -0.487955 -0.617564 0.616857 -0.487955 -0.617566 0.225336 -0.487386 -0.843611 0.225336 -0.487386 -0.84361 -0.226753 -0.486729 -0.84361 -0.226751 -0.486729 -0.84361 -0.618271 -0.486161 -0.617566 -0.618273 -0.48616 -0.617565 -0.844318 -0.485832 -0.226043 -0.844316 -0.485833 -0.226045 -0.844317 -0.485833 0.226043 -0.844317 -0.485832 0.226046 -0.618272 -0.48616 0.617566 -0.618273 -0.486161 0.617565 -0.226753 -0.48673 0.84361 -0.226751 -0.486729 0.84361 0.225336 -0.487386 0.843611 -0.00145783 -0.999999 -6.73983e-06 -0.00145286 -0.999999 -4.09726e-06 -0.00145286 -0.999999 8.07062e-06 -0.00145584 -0.999999 3.29878e-06 -0.00145324 -0.999999 -1.21903e-06 -0.00145333 -0.999999 -4.03073e-06 -0.00145171 -0.999999 -4.96721e-06 -0.00145435 -0.999999 0 -0.00145038 -0.999999 0 -0.00145515 -0.999999 2.98024e-06 -0.00145505 -0.999999 3.03724e-06 -0.00145224 -0.999999 2.93981e-06 -0.00145286 -0.999999 1.8634e-06 -0.00145286 -0.999999 1.86349e-06 -0.00145286 -0.999999 -1.86344e-06 -0.00145286 -0.999999 -1.8634e-06 -0.00145324 -0.999999 -1.21917e-06 -0.00145333 -0.999999 -4.03064e-06 -0.00145171 -0.999999 -4.96706e-06 -0.00145435 -0.999999 0 -0.00145038 -0.999999 0 -0.00145515 -0.999999 2.98033e-06 -0.00145505 -0.999999 3.03724e-06 -0.00145224 -0.999999 2.9398e-06 0.258819 -0.000375969 0.965926 0.707106 -0.00102716 0.707107 0.707106 -0.00102716 0.707107 0.965925 -0.00140313 0.258819 0.965925 -0.00140314 0.258819 0.965925 -0.00140313 -0.258819 0.965925 -0.00140313 -0.258819 0.707106 -0.00102717 -0.707107 0.707106 -0.00102716 -0.707107 0.258819 -0.000375966 -0.965926 0.258819 -0.000375964 -0.965926 -0.258819 0.000375966 -0.965926 -0.258819 0.000375969 -0.965926 -0.707106 0.00102716 -0.707107 -0.707106 0.00102715 -0.707107 -0.965925 0.00140311 -0.258819 -0.965925 0.00140313 -0.258819 -0.965925 0.00140313 0.258819 -0.965925 0.00140311 0.258819 -0.707106 0.00102715 0.707107 -0.707106 0.00102716 0.707107 -0.258819 0.000375966 0.965926 -0.258819 0.000375964 0.965926 0.258819 -0.000375966 0.965926 0.676155 -0.291637 0.676581 0.923802 -0.291997 0.247645 0.923802 -0.291997 -0.247645 0.676155 -0.291637 -0.676581 0.247224 -0.291014 -0.924225 -0.248067 -0.290295 -0.924225 -0.677001 -0.289672 -0.67658 -0.924646 -0.289312 -0.247646 -0.924646 -0.289312 0.247646 -0.677001 -0.289672 0.67658 -0.248067 -0.290295 0.924225 0.247224 -0.291014 0.924225 -0.00145297 -0.999999 -2.87799e-07 -0.00145213 -0.999999 -3.37428e-07 -0.00145305 -0.999999 -3.01354e-07 -0.00145304 -0.999999 -3.67852e-07 -0.00145281 -0.999999 -7.20736e-07 -0.00145299 -0.999999 -6.61529e-07 -0.00145296 -0.999999 7.20537e-08 -0.00145277 -0.999999 -3.9424e-07 -0.00145291 -0.999999 1.90348e-07 -0.00145283 -0.999999 -2.26765e-07 -0.00145233 -0.999999 -6.33145e-08 -0.00145266 -0.999999 -5.66473e-07 -0.00145249 -0.999999 -2.20147e-08 -0.00145375 -0.999999 -1.26091e-07 -0.00145277 -0.999999 3.9424e-07 -0.00145276 -0.999999 3.99922e-07 -0.00145346 -0.999999 5.08955e-07 -0.00145281 -0.999999 7.20736e-07 -0.00145306 -0.999999 3.27904e-07 -0.00145214 -0.999999 2.42082e-07 -0.00145236 -0.999999 -5.23303e-07 -0.00145244 -0.999999 -1.85871e-07 -0.00145265 -0.999999 -5.68973e-07 -0.00145287 -0.999999 -6.03716e-07 -0.00145217 -0.999999 1.22482e-07 -0.00145199 -0.999999 0 -0.00145274 -0.999999 0 -0.00145321 -0.999999 9.50944e-07 -0.00145182 -0.999999 -4.9368e-07 -0.00145267 -0.999999 7.89986e-07 -0.00145244 -0.999999 -1.85871e-07 -0.00145291 -0.999999 1.90384e-07 -0.00145328 -0.999999 -4.94139e-07 -0.00145332 -0.999999 0 -0.001453 -0.999999 2.10673e-07 -0.00145333 -0.999999 -1.84308e-07 -0.00145332 -0.999999 -6.95283e-08 -0.00145233 -0.999999 2.6702e-07 -0.00145244 -0.999999 1.85871e-07 -0.00145247 -0.999999 1.02115e-06 -0.00145241 -0.999999 2.5617e-07 -0.00145219 -0.999999 0 -0.00145241 -0.999999 -2.5617e-07 -0.00145241 -0.999999 -3.37038e-07 -0.00145361 -0.999999 -7.45463e-07 -0.00145244 -0.999999 1.85871e-07 -0.00145249 -0.999999 -2.20416e-08 -0.00145159 -0.999999 5.19115e-08 -0.00145207 -0.999999 -2.02211e-07 -0.00145301 -0.999999 3.07347e-07 -0.00145182 -0.999999 4.9368e-07 -0.00145269 -0.999999 -4.08615e-07 -0.00145328 -0.999999 0 -0.00145216 -0.999999 0 -0.00145202 -0.999999 -2.85044e-07 -0.00145287 -0.999999 6.03716e-07 -0.00145265 -0.999999 5.69655e-07 -0.00145265 -0.999999 5.61702e-07 -0.00145233 -0.999999 6.33145e-08 -0.00145236 -0.999999 7.18936e-08 -0.00145233 -0.999999 8.16716e-07 -0.00145207 -0.999999 2.02211e-07 0.078459 -0.000113972 -0.996917 0.078459 -0.000113971 -0.996917 -0.078459 0.000113971 -0.996917 -0.078459 0.000113972 -0.996917 -0.233445 0.00033911 -0.97237 -0.233445 0.00033911 -0.97237 -0.382683 0.000555897 -0.92388 -0.382683 0.000555897 -0.92388 -0.522498 0.000758997 -0.85264 -0.522498 0.000758997 -0.85264 -0.649447 0.000943408 -0.760406 -0.649447 0.000943408 -0.760406 -0.760405 0.00110459 -0.649448 -0.760405 0.00110459 -0.649448 -0.852639 0.00123857 -0.522499 -0.852639 0.00123837 -0.522498 -0.923879 0.00134184 -0.382683 -0.923878 0.00134227 -0.382684 -0.972369 0.00141272 -0.233446 -0.972369 0.00141272 -0.233446 -0.996916 0.00144839 -0.0784592 -0.996916 0.00144792 -0.0784585 -0.996916 0.00144792 0.0784592 -0.996916 0.00144839 0.0784585 -0.972369 0.00141272 0.233446 -0.972369 0.00141272 0.233446 -0.923879 0.00134227 0.382683 -0.923878 0.00134184 0.382684 -0.852639 0.00123837 0.522499 -0.852639 0.00123857 0.522498 -0.760405 0.00110459 0.649448 -0.760405 0.00110459 0.649448 -0.649447 0.000943408 0.760406 -0.649447 0.000943408 0.760406 -0.522498 0.000758997 0.85264 -0.522498 0.000758997 0.85264 -0.382683 0.000555897 0.92388 -0.382683 0.000555897 0.92388 -0.233445 0.00033911 0.97237 -0.233445 0.00033911 0.97237 -0.078459 0.000113972 0.996917 -0.078459 0.000113971 0.996917 0.078459 -0.000113971 0.996917 0.078459 -0.000113972 0.996917 0.233445 -0.00033911 0.97237 0.233445 -0.000339083 0.97237 0.382683 -0.000555853 0.92388 0.382683 -0.000555897 0.92388 0.522498 -0.000758997 0.85264 0.522498 -0.000758997 0.85264 0.649448 -0.000943408 0.760406 0.649448 -0.000943409 0.760406 0.760405 -0.00110459 0.649448 0.760405 -0.00110459 0.649448 0.852639 -0.00123857 0.522499 0.852639 -0.00123857 0.522499 0.923879 -0.00134206 0.382683 0.923879 -0.00134227 0.382683 0.972369 -0.00141272 0.233445 0.972369 -0.00141227 0.233446 0.996916 -0.00144792 0.0784592 0.996916 -0.00144792 0.0784592 0.996916 -0.00144792 -0.0784592 0.996916 -0.00144792 -0.0784592 0.972369 -0.00141227 -0.233445 0.972369 -0.00141272 -0.233446 0.923879 -0.00134227 -0.382683 0.923879 -0.00134206 -0.382683 0.852639 -0.00123857 -0.522499 0.852639 -0.00123857 -0.522499 0.760405 -0.00110459 -0.649448 0.760405 -0.00110459 -0.649448 0.649448 -0.000943409 -0.760406 0.649448 -0.000943408 -0.760406 0.522498 -0.000758997 -0.85264 0.522498 -0.000758997 -0.85264 0.382683 -0.000555897 -0.92388 0.382683 -0.000555853 -0.92388 0.233445 -0.000339083 -0.97237 0.233445 -0.00033911 -0.97237 -0.137606 -0.990487 0 -0.137606 -0.990487 0 -0.399733 -0.916632 0 -0.399733 -0.916632 0 -0.632214 -0.774794 0 -0.632214 -0.774794 0 -0.817807 -0.575493 0 -0.817807 -0.575493 0 -0.942746 -0.33351 0 -0.942746 -0.33351 0 -0.997767 -0.0667931 0 -0.997767 -0.0667931 0 -0.978788 0.204878 0 -0.978788 0.204878 0 -0.887216 0.461354 0 -0.887216 0.461354 0 -0.729844 0.683614 0 -0.729844 0.683614 0 -0.518342 0.855173 0 -0.518342 0.855173 0 -0.268398 0.963308 0 -0.268398 0.963308 0 -0.066793 0.997767 0 -0.066793 0.997767 0 0.0696917 0.997569 0 0.0696917 0.997569 0 0.271195 0.962524 0 0.271195 0.962524 0 0.520824 0.853664 0 0.520824 0.853664 0 0.731827 0.681491 0 0.731827 0.681491 0 0.888553 0.458775 0 0.888553 0.458775 0 0.979379 0.202034 0 0.979379 0.202034 0 0.997569 -0.0696918 0 0.997569 -0.0696918 0 0.941774 -0.336248 0 0.941774 -0.336248 0 0.816131 -0.577867 0 0.816131 -0.577867 0 0.62996 -0.776627 0 0.62996 -0.776627 0 0.397069 -0.917789 0 0.397069 -0.917789 0 0.134727 -0.990883 0 0.134727 -0.990883 0 0.00145249 0.999999 0 0.00145249 0.999999 0 -0.990266 0.139189 0 -0.990266 0.139189 0 0 0 1 0 0 1 0 0 1 0 0 1 0 0 1 0 0 1 0 0 1 0 0 1 0 0 1 0 0 1 0 0 1 0 0 1 0 0 1 0 0 1 0 0 1 0 0 1 0 0 1 0 0 1 0 0 1 0 0 1 0 0 1 0 0 1 0 0 1 0 0 1 0 0 1 0 0 1 0 0 1 0 0 1 0 0 1 0 0 1 0 0 1 0 0 1 0 0 1 0 0 1 0 0 1 0 0 1 0 0 1 0 0 1 0 0 1 0 0 1 0 0 1 0 0 1 0.990666 0.136311 0 0.990666 0.136311 0 0 0 -1 0 0 -1 0 0 -1 0 0 -1 0 0 -1 0 0 -1 0 0 -1 0 0 -1 0 0 -1 0 0 -1 0 0 -1 0 0 -1 0 0 -1 0 0 -1 0 0 -1 0 0 -1 0 0 -1 0 0 -1 0 0 -1 0 0 -1 0 0 -1 0 0 -1 0 0 -1 0 0 -1 0 0 -1 0 0 -1 0 0 -1 0 0 -1 0 0 -1 0 0 -1 0 0 -1 0 0 -1 0 0 -1 0 0 -1 0 0 -1 0 0 -1 0 0 -1 0 0 -1 0 0 -1 0 0 -1 0 0 -1 0 0 -1 0.310863 -0.950455 -0.000108305 0.0598311 -0.983036 -0.173382 -0.00145264 -0.999825 -0.0186432 0.105006 -0.994472 1.59257e-05 0.153173 -0.988199 -8.91061e-05 0.224119 -0.972898 -0.0569288 0.248555 -0.968353 -0.0226281 0.489799 -0.871831 -0.0028224 0.431015 -0.901873 -0.0291895 0.438718 -0.898384 -0.0207922 0.353839 -0.935306 -9.22448e-05 0.31086 -0.950456 0.000108207 0.654823 -0.75576 0.0057818 0.67823 -0.734847 0.00186783 0.692378 -0.721535 0.000635319 0.6924 -0.721514 -0.000633381 0.67827 -0.73481 -0.00186439 0.654856 -0.755732 -0.00577138 0.623114 -0.781973 -0.0156996 0.630415 -0.776173 -0.0115525 0.56029 -0.828296 -7.42431e-05 0.530456 -0.847713 2.73216e-05 0.438813 -0.898578 0.000498365 0.390394 -0.917801 0.0723503 0.430877 -0.901933 0.0293389 0.489601 -0.871942 0.0028361 0.53045 -0.847716 -2.69391e-05 0.630457 -0.776224 0.00032005 0.591165 -0.805857 0.0334443 0.622982 -0.782078 0.0157403 -0.0624872 -0.982922 0.173091 -0.00145263 -0.999818 0.0189989 -0.107753 -0.994178 -1.62074e-05 0.0488166 -0.998759 0.00988038 0.104992 -0.994473 -1.67604e-05 0.224483 -0.974478 0.000245481 0.178657 -0.976685 0.119033 0.248557 -0.968353 0.0226257 -0.156046 -0.98775 9.11257e-05 -0.226944 -0.972243 0.0569287 -0.251318 -0.967638 0.0226973 -0.492292 -0.870425 0.00282518 -0.433607 -0.900628 0.0292185 -0.441326 -0.897106 0.0207921 -0.356556 -0.934274 9.24264e-05 -0.313553 -0.949571 -0.000108879 -0.657007 -0.753862 -0.00578451 -0.680353 -0.732882 -0.00186865 -0.69449 -0.719502 -0.000633672 -0.69448 -0.719512 0.000634556 -0.680333 -0.732901 0.00187033 -0.65699 -0.753877 0.00578995 -0.62525 -0.780266 0.0157407 -0.632667 -0.774338 0.0115019 -0.562517 -0.826786 7.30602e-05 -0.532913 -0.84617 -2.69434e-05 -0.492327 -0.870406 -0.00282279 -0.532913 -0.84617 2.69617e-05 -0.632709 -0.77439 -0.000321869 -0.593567 -0.804092 -0.0333929 -0.625326 -0.780206 -0.0157173 -0.0517532 -0.998612 -0.00982916 -0.107914 -0.99416 1.55594e-05 -0.227313 -0.973822 -0.000245313 -0.181494 -0.976161 -0.119032 -0.251492 -0.967599 -0.0224514 -0.313794 -0.949491 0.000106657 -0.441422 -0.8973 -0.000495061 -0.393058 -0.916663 -0.0723514 -0.43363 -0.900618 -0.0291926 -0.705095 -0.709113 0 -0.791287 -0.611444 0 -0.791287 -0.611444 0 -0.908958 -0.416889 0 -0.908958 -0.416889 0 -0.979636 -0.200781 0 -0.979636 -0.200781 0 -0.99967 0.0257069 0 -0.99967 0.0257069 0 0.703033 -0.711158 0 0.789508 -0.613741 0 0.789508 -0.613741 0 0.907743 -0.419528 0 0.907743 -0.419528 0 0.979049 -0.203626 0 0.979049 -0.203626 0 0.99974 0.0228021 0 0.99974 0.0228021 0 -0.513156 0.000745421 0.858295 -0.350422 0.000509023 -0.936592 -0.415408 -0.00940106 -0.909586 -0.452652 -0.00363999 -0.89168 -0.513151 0.000745415 -0.858298 -0.599645 0.000871056 -0.800266 -0.654846 -0.00819413 -0.755718 -0.707431 0.00102762 -0.706782 -0.768123 0.00111578 -0.640301 -0.841252 -0.00275876 -0.540637 -0.814789 -0.0126054 -0.579621 -0.959475 -0.00631683 -0.281724 -0.93661 0.00136052 -0.350372 -0.877532 0.0012747 -0.479517 -0.999982 -0.00604418 0 -0.99746 0.00144889 -0.0712122 -0.976939 0.00141908 -0.213513 -0.877408 0.00127452 0.479743 -0.93657 0.00136046 0.350477 -0.959475 -0.00631681 0.281724 -0.976915 0.00141905 0.213622 -0.997442 0.00144886 0.0714654 -0.65486 0.000951262 0.75575 -0.604571 -0.016468 0.796381 -0.707381 0.00102755 0.706832 -0.841253 0.00122201 0.540641 -0.774871 -0.026243 0.631575 -0.814648 -0.0126552 0.579817 -0.154488 -0.00853347 0.987958 -0.223514 0.000324677 0.974701 -0.415415 0.000603432 0.909632 -0.35421 -0.0186563 0.93498 -0.452312 -0.00366372 0.891852 -0.0725411 -0.0207861 0.997149 -0.142315 0.00020673 0.989821 0.0716853 -0.000104132 0.997427 0.142292 -0.0107793 0.989766 0.154642 -0.00896 0.98793 0.513154 -0.000745418 0.858296 0.452398 -0.00497118 0.891802 0.415379 -0.0106103 0.909586 0.350161 -0.000508652 0.936689 0.223512 -0.000324678 0.974701 0.599326 -0.000870593 0.800504 0.654819 -0.0100994 0.755718 0.707149 -0.00102726 0.707063 0.768121 -0.00111583 0.640304 0.84124 -0.00520191 0.540637 0.81461 -0.0150212 0.579814 0.959452 -0.00910431 0.281724 0.936629 -0.00136061 0.350321 0.877411 -0.00127458 0.479739 0.99996 -0.00894929 0 0.997431 -0.00144891 0.0716165 0.976951 -0.00141916 0.213459 0.959452 -0.00910421 -0.281724 0.976998 -0.00141923 -0.213243 0.997471 -0.00144897 -0.0710624 0.841253 -0.00122207 -0.540641 0.774796 -0.0284922 -0.631569 0.814857 -0.0149342 -0.579469 0.877626 -0.0012749 -0.479344 0.936706 -0.00136072 -0.350113 0.354252 -0.0196555 -0.934943 0.415415 -0.000603441 -0.909632 0.223511 -0.000324678 -0.974701 0.452395 -0.00497134 -0.891804 0.513154 -0.000745417 -0.858296 0.65486 -0.000951262 -0.75575 0.604577 -0.0182054 -0.796338 0.707436 -0.00102768 -0.706777 -0.223511 0.000324673 -0.974701 -0.15472 -0.0085041 -0.987922 -0.142322 -0.0103656 -0.989766 -0.0717401 0.000104211 -0.997423 0.142315 -0.00020673 -0.989821 0.0726933 -0.0209337 -0.997135 0.15467 -0.00895656 -0.987926 0.0225737 -0.965681 -0.258747 0.0697076 -0.96575 -0.249936 0.0697073 -0.965752 -0.249927 0.114422 -0.965817 -0.232604 0.114425 -0.965813 -0.232619 0.155197 -0.965873 -0.207374 0.155194 -0.965875 -0.207366 0.19063 -0.965926 -0.175062 0.19063 -0.965926 -0.175063 0.219529 -0.965968 -0.136794 0.219534 -0.965966 -0.136799 0.24091 -0.965997 -0.0938725 0.240904 -0.965999 -0.0938684 0.254026 -0.966018 -0.047747 0.25403 -0.966017 -0.0477484 0.258454 -0.966024 0 0.258454 -0.966024 0 0.25403 -0.966017 0.0477476 0.254026 -0.966018 0.0477478 0.240903 -0.965999 0.0938701 0.24091 -0.965997 0.093871 0.219535 -0.965966 0.136798 0.219528 -0.965968 0.136796 0.190631 -0.965926 0.175063 0.19063 -0.965926 0.175062 0.155192 -0.965875 0.207368 0.155199 -0.965872 0.207373 0.114429 -0.965813 0.232617 0.114419 -0.965817 0.232605 0.0697052 -0.965752 0.249927 0.0697098 -0.96575 0.249935 0.0225734 -0.965681 0.258747 0.0225738 -0.965681 0.258748 -0.0253763 -0.965612 0.258748 -0.0253782 -0.965615 0.258736 -0.0725148 -0.965546 0.249924 -0.0725156 -0.96554 0.249948 -0.117234 -0.965475 0.232624 -0.117231 -0.965479 0.232609 -0.158 -0.96542 0.207366 -0.158003 -0.965418 0.207374 -0.193442 -0.965366 0.175067 -0.193441 -0.965367 0.175065 -0.222338 -0.965325 0.136799 -0.222334 -0.965326 0.136795 -0.243708 -0.965295 0.0938698 -0.243714 -0.965293 0.0938736 -0.256837 -0.965274 0.04775 -0.256834 -0.965275 0.0477484 -0.261258 -0.965269 0 -0.261258 -0.965269 0 -0.256834 -0.965275 -0.0477494 -0.256837 -0.965274 -0.0477492 -0.243714 -0.965293 -0.0938721 -0.243708 -0.965295 -0.0938713 -0.222334 -0.965326 -0.136796 -0.222339 -0.965325 -0.136798 -0.193441 -0.965367 -0.175066 -0.193443 -0.965366 -0.175067 -0.158005 -0.965418 -0.207373 -0.157998 -0.96542 -0.207367 -0.117227 -0.965479 -0.232611 -0.117237 -0.965475 -0.232623 -0.072521 -0.96554 -0.249946 -0.0725091 -0.965546 -0.249925 -0.0253752 -0.965615 -0.258736 -0.0253793 -0.965611 -0.258748 0.0225735 -0.965681 -0.258748 0.064357 -0.705695 -0.705587 0.192897 -0.705881 -0.681559 0.192897 -0.705869 -0.681571 0.314833 -0.706046 -0.634333 0.314832 -0.706056 -0.634324 0.426009 -0.706217 -0.565485 0.426011 -0.706213 -0.565489 0.522648 -0.706354 -0.477392 0.522648 -0.706354 -0.477392 0.601453 -0.706468 -0.373038 0.601452 -0.70647 -0.373037 0.659739 -0.706554 -0.25598 0.659743 -0.706549 -0.255983 0.695529 -0.706601 -0.130209 0.695526 -0.706604 -0.130207 0.707592 -0.706622 0 0.707592 -0.706622 0 0.695526 -0.706604 0.130208 0.695529 -0.706601 0.130208 0.659743 -0.706549 0.255982 0.659738 -0.706554 0.255981 0.601452 -0.70647 0.373037 0.601453 -0.706468 0.373038 0.522648 -0.706354 0.477392 0.522648 -0.706354 0.477392 0.426012 -0.706214 0.565488 0.426008 -0.706217 0.565486 0.314829 -0.706056 0.634325 0.314836 -0.706046 0.634332 0.192901 -0.705869 0.68157 0.192893 -0.705882 0.68156 0.0643573 -0.705695 0.705587 0.0643569 -0.705696 0.705586 -0.0664071 -0.705506 0.705586 -0.0664056 -0.705499 0.705593 -0.194947 -0.705313 0.681564 -0.194947 -0.705317 0.68156 -0.316881 -0.70514 0.634322 -0.316882 -0.705132 0.63433 -0.428063 -0.70497 0.56549 -0.428062 -0.704974 0.565486 -0.524696 -0.704834 0.477392 -0.524693 -0.70484 0.477387 -0.603497 -0.704725 0.373033 -0.603503 -0.704717 0.373039 -0.661789 -0.704633 0.255984 -0.661785 -0.704638 0.25598 -0.697571 -0.704586 0.130206 -0.697574 -0.704582 0.130208 -0.70964 -0.704565 0 -0.70964 -0.704564 0 -0.697575 -0.704582 -0.130207 -0.697571 -0.704586 -0.130208 -0.661785 -0.704638 -0.255982 -0.66179 -0.704633 -0.255982 -0.603504 -0.704717 -0.373037 -0.603496 -0.704725 -0.373035 -0.524692 -0.704839 -0.477389 -0.524697 -0.704834 -0.477391 -0.428061 -0.704974 -0.565487 -0.428064 -0.70497 -0.565489 -0.316885 -0.705132 -0.634329 -0.316879 -0.70514 -0.634323 -0.194946 -0.705317 -0.68156 -0.194948 -0.705312 -0.681564 -0.0664077 -0.705499 -0.705593 -0.066405 -0.705506 -0.705586 0.0643572 -0.705696 -0.705586 0.0887754 -0.257915 -0.962081 0.264039 -0.258169 -0.929318 0.26404 -0.258174 -0.929317 0.430298 -0.258415 -0.864908 0.430297 -0.258413 -0.864909 0.581892 -0.258634 -0.771045 0.581892 -0.258632 -0.771046 0.713657 -0.258824 -0.650926 0.713657 -0.258822 -0.650926 0.821106 -0.258978 -0.50864 0.821106 -0.258979 -0.50864 0.900581 -0.259094 -0.349033 0.90058 -0.259099 -0.349032 0.949374 -0.25917 -0.177538 0.949374 -0.259168 -0.177539 0.965826 -0.259192 0 0.965826 -0.259192 0 0.949374 -0.259168 0.177538 0.949374 -0.25917 0.177539 0.90058 -0.259099 0.349033 0.900581 -0.259094 0.349032 0.821106 -0.258979 0.50864 0.821107 -0.258978 0.50864 0.713657 -0.258822 0.650926 0.713656 -0.258823 0.650926 0.581892 -0.258632 0.771046 0.581892 -0.258634 0.771045 0.430298 -0.258413 0.864908 0.430297 -0.258415 0.864908 0.264039 -0.258174 0.929317 0.26404 -0.258169 0.929318 0.0887759 -0.257915 0.962081 0.0887754 -0.257917 0.96208 -0.0895243 -0.257658 0.96208 -0.0895243 -0.257658 0.96208 -0.264789 -0.257403 0.929317 -0.264788 -0.257401 0.929318 -0.431047 -0.25716 0.864909 -0.431047 -0.257164 0.864907 -0.58264 -0.256944 0.771045 -0.58264 -0.256945 0.771045 -0.714405 -0.256753 0.650925 -0.714405 -0.25675 0.650927 -0.821855 -0.256594 0.508639 -0.821855 -0.256596 0.508639 -0.901329 -0.25648 0.349032 -0.901329 -0.256478 0.349033 -0.950124 -0.256407 0.177539 -0.950123 -0.256409 0.177539 -0.966575 -0.256385 0 -0.966575 -0.256385 0 -0.950123 -0.256409 -0.177539 -0.950124 -0.256407 -0.177539 -0.90133 -0.256478 -0.349033 -0.901329 -0.25648 -0.349033 -0.821855 -0.256596 -0.508639 -0.821855 -0.256594 -0.508639 -0.714405 -0.25675 -0.650926 -0.714404 -0.256753 -0.650926 -0.58264 -0.256945 -0.771045 -0.58264 -0.256944 -0.771045 -0.431046 -0.257164 -0.864908 -0.431048 -0.25716 -0.864909 -0.264789 -0.257401 -0.929318 -0.264788 -0.257403 -0.929317 -0.0895243 -0.257658 -0.96208 -0.0895243 -0.257658 -0.96208 0.0887759 -0.257917 -0.96208 0.0253782 0.965615 0.258736 0.0725148 0.965546 0.249924 0.0725156 0.96554 0.249948 0.117234 0.965475 0.232624 0.117231 0.965479 0.232609 0.158 0.96542 0.207366 0.158003 0.965418 0.207374 0.193442 0.965366 0.175067 0.193441 0.965367 0.175065 0.222338 0.965325 0.136799 0.222334 0.965326 0.136795 0.243708 0.965295 0.0938697 0.243714 0.965293 0.0938738 0.256838 0.965274 0.0477502 0.256833 0.965276 0.0477482 0.261258 0.965269 0 0.261258 0.965269 0 0.256833 0.965276 -0.0477494 0.256838 0.965274 -0.0477491 0.243715 0.965293 -0.0938722 0.243708 0.965295 -0.0938713 0.222334 0.965326 -0.136796 0.222339 0.965325 -0.136798 0.193441 0.965367 -0.175066 0.193443 0.965366 -0.175067 0.158005 0.965418 -0.207373 0.157998 0.96542 -0.207367 0.117227 0.965479 -0.232611 0.117237 0.965475 -0.232623 0.072521 0.96554 -0.249946 0.0725091 0.965546 -0.249925 0.0253784 0.965615 -0.258736 0.0253781 0.965615 -0.258735 -0.0225755 0.965685 -0.258735 -0.0225737 0.965681 -0.258747 -0.0697076 0.96575 -0.249936 -0.0697073 0.965752 -0.249927 -0.114422 0.965817 -0.232604 -0.114425 0.965813 -0.232619 -0.155197 0.965873 -0.207374 -0.155194 0.965875 -0.207366 -0.19063 0.965926 -0.175062 -0.19063 0.965926 -0.175063 -0.219529 0.965968 -0.136794 -0.219534 0.965966 -0.136799 -0.24091 0.965997 -0.0938725 -0.240904 0.965999 -0.0938684 -0.254026 0.966018 -0.047747 -0.25403 0.966017 -0.0477486 -0.258455 0.966023 0 -0.258455 0.966023 0 -0.25403 0.966017 0.0477476 -0.254026 0.966018 0.0477479 -0.240903 0.965999 0.0938701 -0.24091 0.965997 0.093871 -0.219535 0.965966 0.136798 -0.219528 0.965968 0.136796 -0.190631 0.965926 0.175063 -0.19063 0.965926 0.175062 -0.155192 0.965875 0.207368 -0.155199 0.965873 0.207373 -0.114429 0.965813 0.232617 -0.114419 0.965817 0.232605 -0.0697052 0.965752 0.249927 -0.0697098 0.96575 0.249935 -0.0225766 0.965681 0.258746 -0.0225725 0.965685 0.258735 0.0253783 0.965615 0.258735 0.0664079 0.705499 0.705593 0.194947 0.705313 0.681564 0.194947 0.705317 0.68156 0.316881 0.70514 0.634322 0.316882 0.705131 0.634331 0.428063 0.70497 0.56549 0.428062 0.704974 0.565486 0.524696 0.704834 0.477392 0.524693 0.704839 0.477387 0.603498 0.704724 0.373034 0.603503 0.704717 0.373039 0.661789 0.704633 0.255984 0.661784 0.704639 0.25598 0.69757 0.704587 0.130206 0.697574 0.704582 0.130209 0.70964 0.704565 0 0.70964 0.704564 0 0.697575 0.704582 -0.130207 0.69757 0.704587 -0.130208 0.661784 0.704639 -0.255982 0.66179 0.704633 -0.255982 0.603504 0.704717 -0.373037 0.603497 0.704724 -0.373036 0.524693 0.704839 -0.477389 0.524697 0.704834 -0.477391 0.428061 0.704974 -0.565487 0.428064 0.70497 -0.56549 0.316885 0.705132 -0.634329 0.316879 0.70514 -0.634323 0.194946 0.705317 -0.68156 0.194948 0.705312 -0.681564 0.0664077 0.705499 -0.705593 0.066408 0.705499 -0.705593 -0.0643579 0.705689 -0.705593 -0.0643594 0.705695 -0.705587 -0.192895 0.705882 -0.681559 -0.192895 0.705876 -0.681564 -0.314832 0.706054 -0.634326 -0.314832 0.706056 -0.634324 -0.42601 0.706217 -0.565485 -0.426011 0.706214 -0.565489 -0.522648 0.706354 -0.477392 -0.522648 0.706354 -0.477392 -0.601453 0.706468 -0.373038 -0.601452 0.70647 -0.373037 -0.659739 0.706554 -0.25598 -0.659743 0.706549 -0.255983 -0.695529 0.706601 -0.130209 -0.695526 0.706604 -0.130207 -0.707592 0.706622 0 -0.707592 0.706622 0 -0.695526 0.706604 0.130208 -0.695529 0.706601 0.130208 -0.659743 0.706549 0.255982 -0.659738 0.706554 0.255981 -0.601452 0.70647 0.373037 -0.601453 0.706468 0.373038 -0.522648 0.706354 0.477392 -0.522648 0.706354 0.477392 -0.426012 0.706214 0.565488 -0.426009 0.706217 0.565486 -0.314831 0.706056 0.634324 -0.314833 0.706054 0.634325 -0.192896 0.705876 0.681564 -0.192893 0.705882 0.68156 -0.0643573 0.705695 0.705587 -0.06436 0.705688 0.705593 0.0664078 0.705499 0.705593 0.0895243 0.257658 0.96208 0.264788 0.257403 0.929317 0.264788 0.257401 0.929318 0.431047 0.25716 0.864909 0.431047 0.257165 0.864907 0.58264 0.256945 0.771045 0.58264 0.256944 0.771045 0.714405 0.256753 0.650925 0.714405 0.25675 0.650926 0.821855 0.256593 0.50864 0.821855 0.256596 0.508639 0.901329 0.25648 0.349032 0.901329 0.256478 0.349033 0.950124 0.256407 0.177539 0.950123 0.256409 0.177539 0.966575 0.256385 0 0.966575 0.256385 0 0.950123 0.256409 -0.177539 0.950124 0.256407 -0.177539 0.90133 0.256478 -0.349033 0.901329 0.25648 -0.349033 0.821854 0.256596 -0.508639 0.821855 0.256594 -0.508639 0.714406 0.25675 -0.650926 0.714404 0.256753 -0.650926 0.58264 0.256945 -0.771045 0.58264 0.256945 -0.771045 0.431046 0.257165 -0.864908 0.431048 0.25716 -0.864908 0.264789 0.257401 -0.929318 0.264788 0.257403 -0.929317 0.0895243 0.257658 -0.96208 0.0895243 0.257658 -0.96208 -0.0887759 0.257917 -0.96208 -0.0887754 0.257915 -0.962081 -0.264039 0.258169 -0.929318 -0.264039 0.25817 -0.929318 -0.430298 0.258411 -0.864909 -0.430298 0.258414 -0.864908 -0.581892 0.258634 -0.771045 -0.581892 0.258632 -0.771046 -0.713657 0.258824 -0.650926 -0.713657 0.258822 -0.650926 -0.821106 0.258978 -0.50864 -0.821106 0.25898 -0.50864 -0.900581 0.259096 -0.349033 -0.90058 0.259099 -0.349032 -0.949374 0.25917 -0.177538 -0.949374 0.259168 -0.177539 -0.965826 0.259192 0 -0.965826 0.259192 0 -0.949374 0.259168 0.177538 -0.949374 0.25917 0.177539 -0.90058 0.259099 0.349032 -0.900581 0.259095 0.349032 -0.821106 0.25898 0.50864 -0.821107 0.258978 0.50864 -0.713657 0.258822 0.650926 -0.713656 0.258823 0.650926 -0.581892 0.258632 0.771045 -0.581891 0.258634 0.771045 -0.430298 0.258414 0.864908 -0.430299 0.258411 0.864909 -0.264039 0.25817 0.929318 -0.264039 0.258169 0.929318 -0.0887759 0.257915 0.962081 -0.0887754 0.257917 0.96208 0.0895243 0.257658 0.96208 0.0189626 -0.965756 -0.258759 0.0591905 -0.965814 -0.252388 0.0591907 -0.965813 -0.252393 0.0979281 -0.965869 -0.239806 0.0979284 -0.965869 -0.239808 0.13422 -0.965921 -0.221316 0.13422 -0.965921 -0.221317 0.167172 -0.965969 -0.197376 0.167169 -0.965971 -0.197371 0.195968 -0.966012 -0.168572 0.195968 -0.966012 -0.168572 0.219909 -0.966047 -0.135619 0.219914 -0.966045 -0.135624 0.238406 -0.966072 -0.0993321 0.238404 -0.966073 -0.099331 0.250991 -0.966091 -0.0605946 0.250992 -0.966091 -0.0605951 0.257363 -0.9661 -0.0203661 0.257358 -0.966102 -0.0203644 0.257358 -0.966102 0.0203656 0.257364 -0.9661 0.0203649 0.250992 -0.966091 0.0605948 0.25099 -0.966091 0.0605948 0.238404 -0.966073 0.0993314 0.238406 -0.966072 0.0993318 0.219915 -0.966045 0.135623 0.219908 -0.966047 0.135621 0.195968 -0.966012 0.168572 0.195968 -0.966012 0.168572 0.167168 -0.965971 0.197372 0.167173 -0.965969 0.197375 0.13422 -0.965921 0.221317 0.134219 -0.965921 0.221316 0.0979287 -0.965869 0.239807 0.0979278 -0.965869 0.239806 0.0591916 -0.965813 0.252392 0.0591896 -0.965814 0.252388 0.0189621 -0.965756 0.258759 0.0189628 -0.965755 0.258762 -0.021768 -0.965696 0.258762 -0.0217674 -0.965695 0.258766 -0.0619966 -0.965636 0.252394 -0.0619964 -0.965638 0.252389 -0.100732 -0.965581 0.239803 -0.100732 -0.965582 0.239801 -0.137022 -0.965529 0.22131 -0.137022 -0.96553 0.22131 -0.169972 -0.965482 0.19737 -0.169975 -0.96548 0.197374 -0.198776 -0.965438 0.168572 -0.198777 -0.965438 0.168573 -0.222717 -0.965403 0.135622 -0.222712 -0.965405 0.135618 -0.241203 -0.965378 0.0993287 -0.241204 -0.965378 0.0993294 -0.25379 -0.96536 0.0605924 -0.25379 -0.96536 0.0605925 -0.260162 -0.96535 0.0203644 -0.260165 -0.96535 0.0203653 -0.260165 -0.965349 -0.0203647 -0.260161 -0.96535 -0.020365 -0.25379 -0.96536 -0.0605924 -0.25379 -0.96536 -0.0605924 -0.241204 -0.965378 -0.0993292 -0.241202 -0.965378 -0.0993289 -0.222712 -0.965405 -0.135619 -0.222718 -0.965403 -0.135621 -0.198777 -0.965438 -0.168573 -0.198776 -0.965438 -0.168572 -0.169975 -0.96548 -0.197373 -0.169971 -0.965482 -0.19737 -0.137022 -0.96553 -0.22131 -0.137022 -0.965529 -0.22131 -0.100732 -0.965582 -0.239801 -0.100733 -0.965581 -0.239803 -0.0619954 -0.965638 -0.252389 -0.0619976 -0.965636 -0.252394 -0.0217683 -0.965695 -0.258766 -0.0217671 -0.965696 -0.258762 0.0189623 -0.965755 -0.258762 0.0545394 -0.706093 -0.706015 0.164299 -0.706253 -0.688631 0.164299 -0.706256 -0.688627 0.269989 -0.70641 -0.654287 0.269989 -0.706409 -0.654288 0.369005 -0.706553 -0.603837 0.369006 -0.706552 -0.603837 0.458911 -0.706683 -0.538517 0.458911 -0.706683 -0.538517 0.53749 -0.706797 -0.459937 0.537489 -0.706799 -0.459936 0.602809 -0.706893 -0.370031 0.602808 -0.706895 -0.370029 0.65326 -0.706968 -0.271013 0.653263 -0.706964 -0.271016 0.687604 -0.707014 -0.165326 0.687604 -0.707014 -0.165326 0.704988 -0.707039 -0.0555655 0.704988 -0.707039 -0.0555654 0.704988 -0.707039 0.0555654 0.704988 -0.707039 0.0555654 0.687604 -0.707014 0.165326 0.687604 -0.707014 0.165326 0.653263 -0.706964 0.271015 0.653259 -0.706968 0.271014 0.602808 -0.706895 0.37003 0.60281 -0.706893 0.37003 0.537489 -0.706799 0.459936 0.53749 -0.706797 0.459937 0.458911 -0.706683 0.538517 0.458911 -0.706683 0.538517 0.369006 -0.706552 0.603837 0.369005 -0.706553 0.603836 0.26999 -0.706409 0.654288 0.269989 -0.70641 0.654287 0.164298 -0.706256 0.688628 0.1643 -0.706253 0.688631 0.0545395 -0.706093 0.706015 0.0545394 -0.706094 0.706015 -0.05659 -0.705933 0.706015 -0.0565904 -0.705934 0.706013 -0.16635 -0.705775 0.688629 -0.16635 -0.705773 0.68863 -0.272041 -0.70562 0.654289 -0.272041 -0.70562 0.654289 -0.371057 -0.705476 0.603837 -0.371057 -0.705476 0.603838 -0.460963 -0.705346 0.538518 -0.460962 -0.705346 0.538517 -0.539542 -0.705232 0.459937 -0.539541 -0.705234 0.459936 -0.604861 -0.705139 0.370031 -0.604861 -0.705138 0.370032 -0.655313 -0.705065 0.271014 -0.655316 -0.705061 0.271017 -0.689657 -0.705011 0.165326 -0.689654 -0.705015 0.165324 -0.707038 -0.704989 0.0555646 -0.707038 -0.70499 0.0555645 -0.707038 -0.70499 -0.0555646 -0.707038 -0.704989 -0.0555645 -0.689653 -0.705015 -0.165325 -0.689657 -0.705011 -0.165325 -0.655316 -0.705061 -0.271016 -0.655312 -0.705065 -0.271015 -0.604861 -0.705138 -0.370031 -0.604861 -0.705139 -0.370031 -0.539541 -0.705234 -0.459936 -0.539542 -0.705232 -0.459937 -0.460962 -0.705346 -0.538517 -0.460963 -0.705346 -0.538517 -0.371057 -0.705476 -0.603838 -0.371057 -0.705476 -0.603837 -0.272041 -0.70562 -0.654289 -0.272041 -0.70562 -0.654289 -0.166351 -0.705773 -0.68863 -0.16635 -0.705775 -0.688629 -0.0565899 -0.705934 -0.706013 -0.0565905 -0.705932 -0.706015 0.0545395 -0.706094 -0.706015 0.0754267 -0.258187 -0.963146 0.225162 -0.258404 -0.93943 0.225162 -0.258402 -0.939431 0.369345 -0.258611 -0.892583 0.369345 -0.25861 -0.892583 0.504424 -0.258807 -0.823757 0.504424 -0.258806 -0.823757 0.627073 -0.258985 -0.734647 0.627073 -0.258984 -0.734648 0.734272 -0.259139 -0.627449 0.734272 -0.259138 -0.627449 0.823382 -0.259268 -0.504799 0.823382 -0.259269 -0.504799 0.892208 -0.259369 -0.36972 0.892207 -0.259372 -0.369719 0.939055 -0.25944 -0.225538 0.939055 -0.259441 -0.225537 0.96277 -0.259475 -0.0758013 0.962771 -0.259472 -0.075802 0.962771 -0.259472 0.0758014 0.96277 -0.259475 0.0758019 0.939054 -0.259441 0.225538 0.939055 -0.25944 0.225538 0.892207 -0.259372 0.36972 0.892208 -0.259369 0.36972 0.823382 -0.259269 0.504799 0.823382 -0.259268 0.504799 0.734272 -0.259138 0.627449 0.734272 -0.259139 0.627449 0.627073 -0.258984 0.734648 0.627073 -0.258985 0.734648 0.504424 -0.258806 0.823757 0.504424 -0.258807 0.823757 0.369345 -0.258611 0.892583 0.369345 -0.258611 0.892583 0.225162 -0.258402 0.939431 0.225162 -0.258404 0.93943 0.0754261 -0.258187 0.963146 0.0754268 -0.258183 0.963147 -0.076176 -0.257963 0.963147 -0.0761763 -0.257965 0.963147 -0.225912 -0.257748 0.939431 -0.225912 -0.257747 0.939431 -0.370095 -0.257537 0.892583 -0.370095 -0.257536 0.892584 -0.505174 -0.257339 0.823757 -0.505174 -0.257339 0.823758 -0.627823 -0.25716 0.734648 -0.627823 -0.257161 0.734648 -0.735022 -0.257006 0.627448 -0.735022 -0.257006 0.627448 -0.824132 -0.256876 0.504799 -0.824132 -0.256874 0.504799 -0.892958 -0.256774 0.369721 -0.892957 -0.256777 0.36972 -0.939805 -0.256709 0.225538 -0.939805 -0.25671 0.225538 -0.963521 -0.256675 0.0758007 -0.963521 -0.256673 0.0758013 -0.963521 -0.256673 -0.0758008 -0.963521 -0.256675 -0.0758012 -0.939805 -0.25671 -0.225538 -0.939805 -0.256709 -0.225538 -0.892957 -0.256777 -0.36972 -0.892958 -0.256774 -0.36972 -0.824132 -0.256874 -0.504799 -0.824131 -0.256876 -0.504799 -0.735021 -0.257006 -0.627448 -0.735022 -0.257005 -0.627448 -0.627822 -0.257161 -0.734648 -0.627823 -0.25716 -0.734648 -0.505174 -0.257339 -0.823757 -0.505174 -0.257339 -0.823757 -0.370095 -0.257536 -0.892584 -0.370094 -0.257537 -0.892583 -0.225912 -0.257747 -0.939431 -0.225912 -0.257748 -0.939431 -0.0761759 -0.257965 -0.963147 -0.0761764 -0.257963 -0.963147 0.0754262 -0.258183 -0.963147 0.018962 -0.965755 -0.258762 0.0189631 -0.965754 -0.258766 0.0591917 -0.965812 -0.252394 0.0591905 -0.965813 -0.252392 0.0979282 -0.965869 -0.239805 0.0979261 -0.96587 -0.239802 0.134217 -0.965923 -0.221311 0.134216 -0.965923 -0.221311 0.167167 -0.965971 -0.197371 0.167169 -0.96597 -0.197372 0.195969 -0.966012 -0.168571 0.195968 -0.966013 -0.168571 0.219909 -0.966047 -0.135619 0.219909 -0.966047 -0.135619 0.238399 -0.966074 -0.09933 0.238403 -0.966073 -0.0993309 0.25099 -0.966091 -0.0605941 0.250984 -0.966093 -0.0605938 0.257356 -0.966102 -0.0203641 0.257351 -0.966103 -0.0203647 0.257351 -0.966103 0.0203637 0.257356 -0.966102 0.0203651 0.250984 -0.966093 0.0605928 0.250989 -0.966091 0.060595 0.238403 -0.966073 0.0993317 0.238399 -0.966074 0.0993293 0.219909 -0.966047 0.135619 0.219909 -0.966047 0.135619 0.195968 -0.966013 0.168571 0.195969 -0.966012 0.168572 0.167168 -0.96597 0.197373 0.167167 -0.965971 0.19737 0.134217 -0.965923 0.221311 0.134217 -0.965923 0.221311 0.0979267 -0.96587 0.239801 0.0979275 -0.965869 0.239805 0.059191 -0.965813 0.252392 0.0591912 -0.965812 0.252394 0.0189623 -0.965754 0.258766 0.0189628 -0.965755 0.258762 -0.0217677 -0.965696 0.258762 -0.0217688 -0.965695 0.258766 -0.0619975 -0.965636 0.252394 -0.0619949 -0.965638 0.252389 -0.100732 -0.965582 0.239802 -0.100732 -0.965582 0.239802 -0.137022 -0.965529 0.221311 -0.137021 -0.96553 0.22131 -0.169972 -0.965482 0.19737 -0.169976 -0.96548 0.197373 -0.198777 -0.965438 0.168572 -0.198771 -0.96544 0.168569 -0.222711 -0.965405 0.135619 -0.222718 -0.965403 0.135621 -0.241209 -0.965376 0.0993303 -0.241204 -0.965378 0.0993292 -0.25379 -0.96536 0.060593 -0.253789 -0.96536 0.060593 -0.260161 -0.965351 0.0203651 -0.260165 -0.965349 0.0203647 -0.260165 -0.96535 -0.0203654 -0.260161 -0.965351 -0.0203644 -0.253789 -0.96536 -0.0605929 -0.25379 -0.96536 -0.0605931 -0.241204 -0.965378 -0.0993283 -0.241208 -0.965377 -0.0993312 -0.222717 -0.965403 -0.135622 -0.222712 -0.965405 -0.135618 -0.198772 -0.96544 -0.168568 -0.198776 -0.965438 -0.168573 -0.169975 -0.96548 -0.197374 -0.169972 -0.965482 -0.197369 -0.137021 -0.96553 -0.22131 -0.137022 -0.965529 -0.221311 -0.100732 -0.965582 -0.239802 -0.100732 -0.965582 -0.239802 -0.061996 -0.965638 -0.252388 -0.0619964 -0.965636 -0.252394 -0.021768 -0.965695 -0.258766 -0.0217685 -0.965696 -0.258762 0.0545398 -0.706094 -0.706015 0.0545381 -0.706099 -0.70601 0.164299 -0.706258 -0.688626 0.164299 -0.706256 -0.688627 0.269989 -0.70641 -0.654287 0.269989 -0.70641 -0.654287 0.369005 -0.706554 -0.603836 0.369006 -0.706552 -0.603837 0.45891 -0.706683 -0.538517 0.45891 -0.706683 -0.538517 0.537491 -0.706797 -0.459936 0.53749 -0.706799 -0.459936 0.602809 -0.706893 -0.370031 0.602811 -0.706891 -0.370031 0.653262 -0.706965 -0.271016 0.653263 -0.706964 -0.271016 0.687604 -0.707014 -0.165325 0.687602 -0.707016 -0.165325 0.704986 -0.707041 -0.055565 0.704992 -0.707036 -0.0555641 0.704991 -0.707036 0.0555654 0.704986 -0.707041 0.0555637 0.687602 -0.707016 0.165325 0.687604 -0.707014 0.165325 0.653263 -0.706964 0.271016 0.653262 -0.706965 0.271016 0.602811 -0.706891 0.370032 0.60281 -0.706893 0.37003 0.53749 -0.706799 0.459935 0.537491 -0.706797 0.459937 0.45891 -0.706683 0.538517 0.45891 -0.706683 0.538517 0.369006 -0.706552 0.603837 0.369005 -0.706554 0.603835 0.269989 -0.70641 0.654287 0.269989 -0.70641 0.654287 0.164299 -0.706256 0.688627 0.164299 -0.706258 0.688626 0.0545394 -0.706099 0.70601 0.0545385 -0.706094 0.706015 -0.0565906 -0.705933 0.706015 -0.0565894 -0.705936 0.706011 -0.16635 -0.705777 0.688627 -0.166351 -0.705773 0.68863 -0.272041 -0.70562 0.654289 -0.27204 -0.705621 0.654288 -0.371057 -0.705477 0.603837 -0.371057 -0.705476 0.603837 -0.460963 -0.705346 0.538517 -0.46096 -0.705349 0.538515 -0.53954 -0.705235 0.459936 -0.539545 -0.705229 0.459938 -0.604865 -0.705134 0.370033 -0.604861 -0.705138 0.370032 -0.655313 -0.705065 0.271015 -0.655315 -0.705063 0.271015 -0.689655 -0.705013 0.165325 -0.689654 -0.705015 0.165325 -0.707038 -0.704989 0.0555644 -0.707038 -0.70499 0.0555644 -0.707038 -0.70499 -0.0555644 -0.707038 -0.704989 -0.0555645 -0.689654 -0.705015 -0.165325 -0.689655 -0.705013 -0.165326 -0.655314 -0.705063 -0.271016 -0.655313 -0.705065 -0.271014 -0.604861 -0.705138 -0.370031 -0.604864 -0.705134 -0.370034 -0.539544 -0.705229 -0.459939 -0.53954 -0.705235 -0.459935 -0.460961 -0.705349 -0.538515 -0.460962 -0.705346 -0.538518 -0.371057 -0.705476 -0.603838 -0.371057 -0.705477 -0.603837 -0.272041 -0.705621 -0.654288 -0.272041 -0.70562 -0.654289 -0.16635 -0.705773 -0.68863 -0.166351 -0.705777 -0.688627 -0.0565903 -0.705936 -0.706011 -0.0565897 -0.705933 -0.706015 0.0754261 -0.258185 -0.963147 0.0754269 -0.258181 -0.963148 0.225163 -0.258399 -0.939432 0.225162 -0.258402 -0.939431 0.369345 -0.258611 -0.892583 0.369345 -0.25861 -0.892583 0.504424 -0.258806 -0.823757 0.504423 -0.258807 -0.823757 0.627073 -0.258985 -0.734648 0.627073 -0.258985 -0.734648 0.734272 -0.25914 -0.627448 0.734272 -0.259141 -0.627448 0.823381 -0.25927 -0.504799 0.823382 -0.259267 -0.504799 0.892208 -0.259367 -0.36972 0.892207 -0.259372 -0.369721 0.939055 -0.25944 -0.225537 0.939056 -0.259438 -0.225537 0.962771 -0.259472 -0.0758014 0.962771 -0.259474 -0.0758018 0.962771 -0.259474 0.0758014 0.962771 -0.259472 0.0758018 0.939055 -0.259438 0.225537 0.939055 -0.25944 0.225537 0.892207 -0.259372 0.36972 0.892208 -0.259367 0.369721 0.823382 -0.259267 0.5048 0.823381 -0.25927 0.504799 0.734272 -0.259141 0.627448 0.734272 -0.25914 0.627448 0.627073 -0.258985 0.734648 0.627073 -0.258985 0.734647 0.504423 -0.258807 0.823757 0.504424 -0.258807 0.823757 0.369345 -0.25861 0.892583 0.369345 -0.258611 0.892583 0.225163 -0.258402 0.939431 0.225162 -0.258399 0.939432 0.0754262 -0.258181 0.963148 0.0754268 -0.258185 0.963147 -0.0761759 -0.257965 0.963147 -0.0761765 -0.257962 0.963147 -0.225912 -0.257744 0.939431 -0.225912 -0.257747 0.939431 -0.370095 -0.257538 0.892583 -0.370095 -0.257537 0.892583 -0.505173 -0.25734 0.823757 -0.505173 -0.257342 0.823757 -0.627822 -0.257164 0.734647 -0.627823 -0.257161 0.734647 -0.735022 -0.257006 0.627448 -0.735021 -0.257007 0.627448 -0.824131 -0.256878 0.504799 -0.824131 -0.256877 0.504799 -0.892957 -0.256777 0.36972 -0.892957 -0.256777 0.36972 -0.939805 -0.256709 0.225538 -0.939806 -0.256706 0.225537 -0.963522 -0.256672 0.0758014 -0.963521 -0.256673 0.0758016 -0.963521 -0.256673 -0.0758014 -0.963521 -0.256672 -0.0758016 -0.939806 -0.256706 -0.225538 -0.939805 -0.256709 -0.225537 -0.892957 -0.256777 -0.36972 -0.892957 -0.256777 -0.36972 -0.824131 -0.256877 -0.504799 -0.824131 -0.256878 -0.504799 -0.735021 -0.257007 -0.627448 -0.735021 -0.257006 -0.627449 -0.627822 -0.257161 -0.734648 -0.627822 -0.257164 -0.734647 -0.505173 -0.257342 -0.823757 -0.505173 -0.25734 -0.823757 -0.370095 -0.257536 -0.892583 -0.370095 -0.257538 -0.892583 -0.225912 -0.257747 -0.939431 -0.225912 -0.257744 -0.939432 -0.076176 -0.257962 -0.963147 -0.0761765 -0.257965 -0.963147 -0.147986 0.109769 -0.982879 -0.243405 -0.258219 -0.934921 -0.419784 -0.255506 -0.870918 -0.419783 -0.255511 -0.870917 -0.556381 -0.257986 -0.789863 -0.676652 -0.102766 -0.729096 -0.668291 -0.255659 -0.698588 -0.798609 -0.256982 -0.544227 -0.851797 0.180115 -0.491936 -0.870806 -0.256879 -0.419178 -0.942781 -0.25475 -0.215098 -0.968044 -0.0842376 -0.236209 -0.96242 -0.257394 -0.0865818 -0.964314 -0.254718 0.0722375 -0.964314 -0.254717 0.0722374 -0.931554 -0.257222 0.256989 -0.925111 0.110898 0.363142 -0.883114 -0.256212 0.393021 -0.78211 -0.256358 0.567965 -0.776966 0.110682 0.619737 -0.688524 -0.257575 0.67793 -0.544902 -0.255327 0.79868 -0.544902 -0.255328 0.79868 -0.406412 -0.258202 0.876448 -0.293315 -0.103324 0.950416 -0.271408 -0.256238 0.927728 -0.072572 -0.258038 0.963405 0.000259812 0.178876 0.983872 0.0718222 -0.258249 0.963405 0.284551 -0.256533 0.9237 0.279272 -0.0860522 0.956348 0.40566 -0.25938 0.876449 0.544158 -0.256908 0.79868 0.544158 -0.256911 0.798679 0.687772 -0.259577 0.677931 0.777284 0.108422 0.619737 0.781362 -0.258629 0.567965 0.882366 -0.258776 0.393021 0.925429 0.108209 0.363142 0.930803 -0.259928 0.256989 0.96357 -0.257518 0.0722372 0.963569 -0.257519 0.0722372 0.961668 -0.260189 -0.0865791 0.969516 -0.105152 -0.22132 0.938581 -0.257994 -0.229141 0.870056 -0.259406 -0.419178 0.852316 0.17764 -0.491936 0.797859 -0.259302 -0.544227 0.657113 -0.257073 -0.708601 0.688398 -0.0866463 -0.720139 0.555629 -0.2596 -0.789864 0.419039 -0.256729 -0.870917 0.41904 -0.256726 -0.870918 0.242655 -0.258927 -0.93492 0.148304 0.109338 -0.982879 0.100629 -0.257641 -0.960986 -0.101378 -0.257348 -0.960986 0.307499 -0.703572 -0.640649 0.307499 -0.703571 -0.64065 0.482627 -0.703825 -0.52125 0.482624 -0.703829 -0.521248 0.614778 -0.704021 -0.355532 0.614777 -0.704022 -0.355532 0.692214 -0.704134 -0.158226 0.692209 -0.704139 -0.158226 0.708048 -0.704162 0.053137 0.708052 -0.704158 0.0531378 0.660888 -0.704089 0.259781 0.66089 -0.704087 0.259782 0.554911 -0.703933 0.443342 0.55491 -0.703935 0.44334 0.399534 -0.703709 0.587508 0.399536 -0.703706 0.587511 0.208569 -0.703429 0.679475 0.208569 -0.70343 0.679474 -0.00102127 -0.703126 0.711065 -0.00102189 -0.703121 0.71107 -0.210613 -0.702816 0.679479 -0.210611 -0.70282 0.679476 -0.401579 -0.702542 0.58751 -0.401582 -0.702538 0.587513 -0.556958 -0.702313 0.443345 -0.556949 -0.702323 0.443339 -0.662927 -0.702169 0.25978 -0.662935 -0.702162 0.259782 -0.7101 -0.702093 0.0531378 -0.710098 -0.702095 0.0531378 -0.694258 -0.702118 -0.158226 -0.694265 -0.702112 -0.158228 -0.616827 -0.702224 -0.355536 -0.616822 -0.70223 -0.355533 -0.484669 -0.702422 -0.521248 -0.484672 -0.702416 -0.521253 -0.309543 -0.702671 -0.640654 -0.309542 -0.702676 -0.640648 -0.107 -0.70297 -0.703124 -0.107 -0.702971 -0.703123 0.104957 -0.703279 -0.703123 0.104958 -0.703278 -0.703125 0.112078 -0.965356 -0.235642 0.112079 -0.965355 -0.235644 0.176493 -0.965449 -0.191727 0.176497 -0.965447 -0.19173 0.225107 -0.965518 -0.130775 0.225112 -0.965516 -0.130778 0.253596 -0.965558 -0.0582016 0.25359 -0.965559 -0.0582008 0.259416 -0.965568 0.0195456 0.259414 -0.965568 0.0195453 0.242066 -0.965543 0.095555 0.242058 -0.965545 0.0955512 0.203078 -0.965489 0.163066 0.203087 -0.965486 0.163075 0.145934 -0.965403 0.216104 0.145934 -0.965403 0.216104 0.0756918 -0.965301 0.249931 0.0756924 -0.9653 0.249933 -0.00140277 -0.965188 0.261554 -0.00140154 -0.965192 0.261539 -0.0784914 -0.96508 0.24992 -0.0784929 -0.965079 0.249924 -0.148735 -0.964977 0.216097 -0.148735 -0.964977 0.216096 -0.205883 -0.964894 0.16307 -0.205894 -0.964891 0.163077 -0.244877 -0.964834 0.095556 -0.244869 -0.964836 0.0955537 -0.262217 -0.964811 0.0195454 -0.262215 -0.964812 0.0195454 -0.256389 -0.96482 -0.0581992 -0.256381 -0.964822 -0.0581969 -0.227899 -0.964864 -0.130768 -0.227906 -0.964861 -0.130772 -0.179297 -0.964932 -0.191726 -0.179291 -0.964935 -0.191718 -0.114878 -0.965028 -0.235634 -0.114884 -0.965024 -0.235649 -0.040384 -0.965132 -0.258629 -0.0403838 -0.965133 -0.258626 0.0375797 -0.965246 -0.258626 0.0375787 -0.965247 -0.258622 -0.428404 -0.161133 0.889104 -0.470146 0.25853 0.843875 -0.657113 0.257073 0.708601 -0.655242 -0.091701 0.749832 -0.736481 0.25978 0.624588 -0.836767 0.257333 0.483323 -0.836765 0.257344 0.483321 -0.908957 0.260041 0.325847 -0.974747 -0.0193638 0.222473 -0.947794 0.258471 0.18676 -0.965701 0.259253 -0.014454 -0.984305 -0.160327 -0.073746 -0.952615 0.25977 -0.158254 -0.899452 0.257426 -0.353155 -0.899451 0.257428 -0.353155 -0.75538 0.257218 -0.602693 -0.755382 0.257214 -0.602694 -0.613172 0.259275 -0.746188 -0.556136 -0.160944 -0.815359 -0.49518 0.258571 -0.82942 -0.284551 0.256538 -0.923699 -0.321953 -0.0921823 -0.942257 -0.172101 0.258965 -0.950431 0.000372011 0.256123 -0.966644 0.000371941 0.256122 -0.966644 0.172854 0.258464 -0.950431 0.294661 -0.0212058 -0.955367 0.312718 0.256644 -0.914517 0.495929 0.257134 -0.829419 0.555666 -0.162559 -0.815359 0.613922 0.257498 -0.746186 0.756124 0.255024 -0.602694 0.756123 0.255027 -0.602693 0.900195 0.254818 -0.353154 0.900196 0.25481 -0.353155 0.953366 0.257001 -0.158254 0.983835 -0.163186 -0.0737462 0.96645 0.256446 -0.0144535 0.94278 0.254753 0.215099 0.976792 -0.0940723 0.192424 0.909713 0.257386 0.325844 0.837511 0.254899 0.483323 0.83751 0.254904 0.483323 0.737234 0.257642 0.624585 0.679995 -0.0217671 0.732894 0.636195 0.256172 0.727758 0.470895 0.257168 0.843873 0.427934 -0.162378 0.889104 0.339819 0.257894 0.904441 0.144443 0.255909 0.955849 0.144442 0.255912 0.955848 -0.143698 0.256331 0.955848 -0.143698 0.25633 0.955848 -0.339067 0.258882 0.904441 0.309547 0.702662 0.640662 0.309542 0.70267 0.640654 0.484673 0.702416 0.521252 0.484674 0.702414 0.521254 0.616829 0.702222 0.355536 0.616827 0.702224 0.355536 0.694264 0.702112 0.158229 0.694258 0.702118 0.158228 0.710098 0.702095 -0.0531376 0.710107 0.702086 -0.0531393 0.662942 0.702154 -0.259784 0.662943 0.702153 -0.259785 0.556961 0.702307 -0.44335 0.556957 0.702313 -0.443346 0.401582 0.702539 -0.587513 0.401587 0.702528 -0.587522 0.210616 0.702805 -0.679489 0.210614 0.702816 -0.679479 0.00102126 0.703121 -0.71107 0.00102016 0.703111 -0.711079 -0.208573 0.703416 -0.679488 -0.208567 0.703429 -0.679476 -0.399536 0.703707 -0.58751 -0.399535 0.703708 -0.587508 -0.55491 0.703934 -0.443342 -0.554917 0.703926 -0.443346 -0.660897 0.704079 -0.259784 -0.660893 0.704084 -0.259783 -0.708058 0.704152 -0.0531388 -0.708072 0.704138 -0.0531382 -0.692232 0.704115 0.15823 -0.692228 0.704119 0.158229 -0.614789 0.704007 0.35554 -0.614784 0.704013 0.355536 -0.48263 0.703821 0.521253 -0.482631 0.703818 0.521255 -0.307502 0.703564 0.640656 -0.3075 0.703572 0.640649 -0.104957 0.703278 0.703125 -0.104957 0.703272 0.70313 0.107 0.702964 0.70313 0.107002 0.702956 0.703138 0.114877 0.965028 0.235637 0.11489 0.965021 0.235658 0.179309 0.964927 0.191738 0.179297 0.964932 0.191726 0.227906 0.964861 0.130772 0.227899 0.964863 0.130769 0.256381 0.964822 0.0581986 0.256401 0.964817 0.0582014 0.262227 0.964808 -0.0195473 0.262204 0.964815 -0.0195436 0.244856 0.96484 -0.095548 0.244864 0.964838 -0.0955517 0.205883 0.964894 -0.163069 0.205883 0.964894 -0.16307 0.148734 0.964977 -0.216097 0.148734 0.964977 -0.216097 0.0784947 0.965079 -0.249923 0.0784997 0.965073 -0.249946 0.00140041 0.965184 -0.261566 0.00140384 0.965195 -0.261527 -0.0756823 0.965307 -0.249908 -0.0756916 0.965301 -0.249931 -0.145935 0.965403 -0.216103 -0.145935 0.965403 -0.216103 -0.203087 0.965486 -0.163074 -0.203089 0.965485 -0.163075 -0.24207 0.965542 -0.0955568 -0.242078 0.96554 -0.0955593 -0.259428 0.965565 -0.0195452 -0.259402 0.965572 -0.0195455 -0.253576 0.965563 0.0581958 -0.253597 0.965558 0.0582024 -0.225112 0.965516 0.130779 -0.225107 0.965518 0.130775 -0.176497 0.965447 0.19173 -0.176485 0.965452 0.191716 -0.112074 0.965359 0.235631 -0.112082 0.965352 0.235654 -0.0375788 0.965244 0.258636 -0.0375782 0.965246 0.258626 0.0403836 0.965133 0.258626 0.0403811 0.965136 0.258616</float_array>
                    <technique_common>
                        <accessor count="1996" source="#shape0-lib-normals-array" stride="3">
                            <param name="X" type="float"/>
                            <param name="Y" type="float"/>
                            <param name="Z" type="float"/>
                        </accessor>
                    </technique_common>
                </source>
                <vertices id="shape0-lib-vertices">
                    <input semantic="POSITION" source="#shape0-lib-positions"/>
                </vertices>
                <triangles count="1996">
                    <input offset="0" semantic="VERTEX" source="#shape0-lib-vertices"/>
                    <input offset="1" semantic="NORMAL" source="#shape0-lib-normals"/>
                    <p>0 0 1 0 2 0 3 1 4 1 5 1 6 2 7 2 4 2 4 3 7 3 8 3 4 4 8 4 5 4 9 5 10 5 6 5 6 6 10 6 11 6 6 7 11 7 7 7 2 8 12 8 0 8 0 9 12 9 13 9 0 10 13 10 9 10 9 11 13 11 14 11 9 12 14 12 10 12 15 13 16 13 17 13 17 14 16 14 18 14 17 15 18 15 1 15 1 16 18 16 19 16 1 17 19 17 2 17 20 18 21 18 22 18 23 19 24 19 15 19 15 20 24 20 25 20 15 21 25 21 16 21 20 22 26 22 21 22 21 23 26 23 27 23 21 24 27 24 23 24 23 25 27 25 28 25 23 26 28 26 24 26 29 27 30 27 22 27 22 28 30 28 31 28 22 29 31 29 20 29 32 30 33 30 34 30 35 31 36 31 29 31 29 32 36 32 37 32 29 33 37 33 30 33 38 34 39 34 40 34 40 35 39 35 41 35 40 36 41 36 33 36 33 37 41 37 42 37 33 38 42 38 34 38 43 39 44 39 35 39 35 40 44 40 45 40 35 41 45 41 36 41 34 42 46 42 32 42 32 43 46 43 47 43 32 44 47 44 43 44 43 45 47 45 48 45 43 46 48 46 44 46 49 47 50 47 38 47 38 48 50 48 51 48 38 49 51 49 39 49 52 50 53 50 49 50 49 51 53 51 54 51 49 52 54 52 50 52 55 53 56 53 52 53 52 54 56 54 57 54 52 55 57 55 53 55 5 56 58 56 3 56 3 57 58 57 59 57 3 58 59 58 55 58 55 59 59 59 60 59 55 60 60 60 56 60 61 61 62 61 63 61 63 62 62 62 64 62 63 63 64 63 65 63 65 64 64 64 66 64 63 65 67 65 61 65 61 66 67 66 68 66 61 67 68 67 69 67 69 68 68 68 70 68 69 69 70 69 71 69 71 70 70 70 72 70 71 71 72 71 73 71 73 72 72 72 74 72 73 73 74 73 75 73 75 74 74 74 76 74 75 75 76 75 77 75 77 76 76 76 78 76 77 77 78 77 79 77 79 78 78 78 80 78 79 79 80 79 81 79 81 80 80 80 82 80 81 81 82 81 83 81 84 82 85 82 86 82 86 83 85 83 87 83 86 84 87 84 88 84 88 85 87 85 83 85 88 86 83 86 89 86 89 87 83 87 82 87 86 88 90 88 84 88 84 89 90 89 91 89 84 90 91 90 92 90 92 91 91 91 93 91 92 92 93 92 94 92 94 93 93 93 95 93 94 94 95 94 96 94 96 95 95 95 97 95 96 96 97 96 98 96 98 97 97 97 99 97 98 98 99 98 100 98 100 99 99 99 101 99 100 100 101 100 102 100 102 101 101 101 103 101 102 102 103 102 104 102 104 103 103 103 105 103 104 104 105 104 106 104 107 105 108 105 109 105 109 106 108 106 110 106 109 107 110 107 111 107 111 108 110 108 106 108 111 109 106 109 112 109 112 110 106 110 105 110 109 111 113 111 107 111 107 112 113 112 114 112 107 113 114 113 115 113 115 114 114 114 116 114 115 115 116 115 117 115 117 116 116 116 118 116 117 117 118 117 119 117 119 118 118 118 120 118 119 119 120 119 121 119 121 120 120 120 122 120 121 121 122 121 123 121 123 122 122 122 124 122 123 123 124 123 125 123 125 124 124 124 126 124 125 125 126 125 127 125 127 126 126 126 128 126 127 127 128 127 66 127 66 128 128 128 129 128 66 129 129 129 65 129 130 130 131 130 132 130 133 131 134 131 135 131 135 132 134 132 136 132 135 133 136 133 131 133 131 134 136 134 137 134 131 135 137 135 132 135 138 136 139 136 140 136 141 137 142 137 143 137 143 138 142 138 144 138 143 139 144 139 133 139 133 140 144 140 145 140 133 141 145 141 134 141 146 142 147 142 141 142 141 143 147 143 148 143 141 144 148 144 142 144 149 145 150 145 151 145 152 146 153 146 154 146 154 147 153 147 155 147 154 148 155 148 139 148 139 149 155 149 156 149 139 150 156 150 140 150 157 151 158 151 159 151 159 152 158 152 160 152 159 153 160 153 152 153 152 154 160 154 161 154 152 155 161 155 153 155 162 156 163 156 157 156 157 157 163 157 164 157 157 158 164 158 158 158 132 159 165 159 130 159 130 160 165 160 166 160 130 161 166 161 167 161 167 162 166 162 168 162 167 163 168 163 162 163 162 164 168 164 169 164 162 165 169 165 163 165 170 166 171 166 172 166 172 167 171 167 173 167 172 168 173 168 146 168 146 169 173 169 174 169 146 170 174 170 147 170 151 171 175 171 149 171 149 172 175 172 176 172 149 173 176 173 177 173 177 174 176 174 178 174 177 175 178 175 170 175 170 176 178 176 179 176 170 177 179 177 171 177 140 178 180 178 138 178 138 179 180 179 181 179 138 180 181 180 182 180 182 181 181 181 183 181 182 182 183 182 150 182 150 183 183 183 184 183 150 184 184 184 151 184 185 185 186 185 187 185 187 186 186 186 188 186 187 187 188 187 189 187 189 188 188 188 190 188 189 189 190 189 191 189 191 190 190 190 192 190 191 191 192 191 193 191 193 192 192 192 194 192 193 193 194 193 195 193 195 194 194 194 196 194 195 195 196 195 197 195 197 196 196 196 198 196 197 197 198 197 199 197 199 198 198 198 200 198 199 199 200 199 201 199 201 200 200 200 202 200 201 201 202 201 203 201 203 202 202 202 204 202 203 203 204 203 205 203 205 204 204 204 206 204 205 205 206 205 207 205 207 206 206 206 208 206 207 207 208 207 209 207 209 208 208 208 210 208 209 209 210 209 211 209 211 210 210 210 212 210 211 211 212 211 213 211 213 212 212 212 214 212 213 213 214 213 215 213 215 214 214 214 216 214 215 215 216 215 217 215 217 216 216 216 218 216 217 217 218 217 219 217 219 218 218 218 220 218 219 219 220 219 221 219 221 220 220 220 222 220 221 221 222 221 223 221 223 222 222 222 224 222 223 223 224 223 225 223 225 224 224 224 226 224 225 225 226 225 227 225 227 226 226 226 228 226 227 227 228 227 229 227 229 228 228 228 230 228 229 229 230 229 231 229 231 230 230 230 232 230 231 231 232 231 233 231 233 232 232 232 234 232 233 233 234 233 235 233 235 234 234 234 236 234 235 235 236 235 237 235 237 236 236 236 238 236 237 237 238 237 239 237 239 238 238 238 240 238 239 239 240 239 241 239 241 240 240 240 242 240 241 241 242 241 243 241 243 242 242 242 244 242 243 243 244 243 245 243 245 244 244 244 246 244 245 245 246 245 247 245 247 246 246 246 248 246 247 247 248 247 249 247 249 248 248 248 250 248 249 249 250 249 251 249 251 250 250 250 252 250 251 251 252 251 185 251 185 252 252 252 186 252 253 253 254 253 255 253 255 254 254 254 256 254 255 255 256 255 257 255 257 256 256 256 258 256 258 257 256 257 259 257 259 258 256 258 260 258 259 259 260 259 261 259 262 260 263 260 264 260 264 261 263 261 265 261 264 262 265 262 266 262 265 263 267 263 266 263 266 264 267 264 268 264 266 265 268 265 260 265 260 266 268 266 269 266 260 267 269 267 261 267 262 268 264 268 270 268 270 269 264 269 271 269 270 270 271 270 272 270 272 271 271 271 273 271 273 272 271 272 274 272 273 273 274 273 275 273 276 274 277 274 278 274 278 275 277 275 279 275 278 276 279 276 274 276 274 277 279 277 280 277 274 278 280 278 275 278 276 279 278 279 281 279 281 280 278 280 282 280 281 281 282 281 283 281 284 282 285 282 286 282 286 283 285 283 287 283 286 284 287 284 282 284 282 285 287 285 288 285 282 286 288 286 283 286 284 287 286 287 289 287 289 288 286 288 290 288 289 289 290 289 291 289 292 290 293 290 294 290 294 291 293 291 254 291 294 292 254 292 295 292 295 293 254 293 253 293 292 294 296 294 293 294 293 295 296 295 297 295 293 296 297 296 290 296 290 297 297 297 298 297 290 298 298 298 291 298 274 299 299 299 278 299 278 300 299 300 300 300 278 301 300 301 282 301 282 302 300 302 301 302 282 303 301 303 302 303 302 304 301 304 303 304 302 305 303 305 290 305 290 306 303 306 304 306 290 307 304 307 293 307 293 308 304 308 305 308 293 309 305 309 254 309 254 310 305 310 306 310 254 311 306 311 256 311 256 312 306 312 307 312 256 313 307 313 260 313 260 314 307 314 308 314 260 315 308 315 309 315 309 316 308 316 310 316 309 317 310 317 264 317 264 318 310 318 311 318 264 319 311 319 271 319 271 320 311 320 312 320 271 321 312 321 274 321 274 322 312 322 299 322 313 323 310 323 314 323 314 324 310 324 315 324 314 325 315 325 316 325 316 326 315 326 307 326 316 327 307 327 317 327 317 328 307 328 306 328 317 329 306 329 318 329 318 330 306 330 305 330 318 331 305 331 319 331 319 332 305 332 304 332 319 333 304 333 320 333 320 334 304 334 303 334 320 335 303 335 321 335 321 336 303 336 322 336 321 337 322 337 323 337 323 338 322 338 300 338 323 339 300 339 324 339 324 340 300 340 299 340 324 341 299 341 325 341 325 342 299 342 312 342 325 343 312 343 326 343 326 344 312 344 311 344 326 345 311 345 313 345 313 346 311 346 310 346 325 347 327 347 324 347 324 348 327 348 328 348 324 349 328 349 323 349 323 350 328 350 329 350 323 351 329 351 321 351 321 352 329 352 330 352 321 353 330 353 320 353 320 354 330 354 331 354 320 355 331 355 319 355 319 356 331 356 332 356 319 357 332 357 318 357 318 358 332 358 333 358 318 359 333 359 317 359 317 360 333 360 334 360 317 361 334 361 316 361 316 362 334 362 335 362 316 363 335 363 314 363 314 364 335 364 336 364 314 365 336 365 313 365 313 366 336 366 337 366 313 367 337 367 326 367 326 368 337 368 338 368 326 369 338 369 325 369 325 370 338 370 327 370 328 371 327 371 339 371 328 372 339 372 329 372 330 373 329 373 339 373 331 374 330 374 339 374 332 375 331 375 339 375 333 376 332 376 339 376 334 377 333 377 339 377 340 378 334 378 339 378 336 379 340 379 339 379 337 380 336 380 339 380 338 381 337 381 339 381 327 382 338 382 339 382 341 383 342 383 343 383 344 384 345 384 346 384 347 385 348 385 349 385 349 386 350 386 347 386 347 387 350 387 351 387 347 388 351 388 342 388 342 389 351 389 352 389 342 390 352 390 343 390 353 391 354 391 355 391 346 392 356 392 344 392 344 393 356 393 357 393 344 394 357 394 358 394 359 395 360 395 361 395 361 396 362 396 359 396 359 397 362 397 363 397 359 398 363 398 364 398 363 399 365 399 364 399 364 400 365 400 366 400 364 401 366 401 367 401 368 402 369 402 354 402 354 403 369 403 370 403 354 404 370 404 355 404 357 405 371 405 358 405 358 406 371 406 372 406 358 407 372 407 373 407 373 408 372 408 374 408 373 409 374 409 348 409 348 410 374 410 375 410 348 411 375 411 349 411 343 412 376 412 341 412 341 413 376 413 377 413 341 414 377 414 378 414 378 415 377 415 379 415 378 416 379 416 380 416 379 417 381 417 380 417 380 418 381 418 382 418 380 419 382 419 360 419 360 420 382 420 383 420 360 421 383 421 361 421 355 422 384 422 353 422 353 423 384 423 385 423 353 424 385 424 386 424 386 425 385 425 387 425 386 426 387 426 388 426 387 427 389 427 388 427 388 428 389 428 390 428 388 429 390 429 345 429 345 430 390 430 391 430 345 431 391 431 346 431 366 432 392 432 367 432 367 433 392 433 393 433 367 434 393 434 394 434 394 435 393 435 395 435 394 436 395 436 396 436 395 437 397 437 396 437 396 438 397 438 398 438 396 439 398 439 399 439 398 440 400 440 399 440 399 441 400 441 401 441 399 442 401 442 368 442 368 443 401 443 402 443 368 444 402 444 369 444 403 445 404 445 405 445 405 446 404 446 406 446 405 447 406 447 407 447 407 448 406 448 408 448 407 449 408 449 409 449 409 450 408 450 410 450 409 451 410 451 411 451 411 452 410 452 412 452 411 453 412 453 413 453 413 454 412 454 414 454 413 455 414 455 415 455 415 456 414 456 416 456 415 457 416 457 417 457 417 458 416 458 418 458 417 459 418 459 419 459 419 460 418 460 420 460 419 461 420 461 421 461 421 462 420 462 422 462 421 463 422 463 423 463 423 464 422 464 424 464 423 465 424 465 425 465 425 466 424 466 426 466 425 467 426 467 427 467 427 468 426 468 428 468 427 469 428 469 429 469 429 470 428 470 430 470 429 471 430 471 431 471 431 472 430 472 432 472 431 473 432 473 433 473 433 474 432 474 434 474 433 475 434 475 435 475 435 476 434 476 436 476 435 477 436 477 437 477 437 478 436 478 438 478 437 479 438 479 439 479 439 480 438 480 440 480 439 481 440 481 441 481 441 482 440 482 442 482 441 483 442 483 443 483 443 484 442 484 444 484 443 485 444 485 445 485 445 486 444 486 446 486 445 487 446 487 447 487 447 488 446 488 448 488 447 489 448 489 449 489 449 490 448 490 450 490 449 491 450 491 451 491 451 492 450 492 452 492 451 493 452 493 453 493 453 494 452 494 454 494 453 495 454 495 455 495 455 496 454 496 456 496 455 497 456 497 457 497 457 498 456 498 458 498 457 499 458 499 459 499 459 500 458 500 460 500 459 501 460 501 461 501 461 502 460 502 462 502 461 503 462 503 463 503 463 504 462 504 464 504 463 505 464 505 465 505 465 506 464 506 466 506 465 507 466 507 467 507 467 508 466 508 468 508 467 509 468 509 469 509 469 510 468 510 470 510 469 511 470 511 471 511 471 512 470 512 472 512 471 513 472 513 473 513 473 514 472 514 474 514 473 515 474 515 475 515 475 516 474 516 476 516 475 517 476 517 477 517 477 518 476 518 478 518 477 519 478 519 479 519 479 520 478 520 480 520 479 521 480 521 481 521 481 522 480 522 482 522 481 523 482 523 403 523 403 524 482 524 404 524 483 525 484 525 485 525 485 526 484 526 486 526 485 527 486 527 487 527 487 528 486 528 488 528 487 529 488 529 489 529 489 530 488 530 490 530 489 531 490 531 491 531 491 532 490 532 492 532 491 533 492 533 493 533 493 534 492 534 494 534 493 535 494 535 495 535 495 536 494 536 496 536 495 537 496 537 497 537 497 538 496 538 498 538 497 539 498 539 499 539 499 540 498 540 500 540 499 541 500 541 501 541 501 542 500 542 502 542 501 543 502 543 503 543 503 544 502 544 504 544 503 545 504 545 505 545 505 546 504 546 506 546 505 547 506 547 507 547 507 548 506 548 508 548 507 549 508 549 509 549 509 550 508 550 510 550 509 551 510 551 511 551 511 552 510 552 512 552 511 553 512 553 513 553 513 554 512 554 514 554 513 555 514 555 515 555 515 556 514 556 516 556 515 557 516 557 517 557 517 558 516 558 518 558 517 559 518 559 519 559 519 560 518 560 520 560 519 561 520 561 521 561 521 562 520 562 522 562 521 563 522 563 523 563 523 564 522 564 524 564 523 565 524 565 525 565 525 566 524 566 526 566 525 567 526 567 527 567 527 568 526 568 528 568 527 569 528 569 529 569 529 570 528 570 530 570 529 571 530 571 483 571 483 572 530 572 484 572 531 573 532 573 533 573 533 574 532 574 534 574 535 575 531 575 536 575 536 576 531 576 533 576 531 577 525 577 527 577 525 578 531 578 523 578 523 579 531 579 535 579 523 580 535 580 521 580 521 581 535 581 519 581 519 582 535 582 537 582 519 583 537 583 517 583 517 584 537 584 538 584 517 585 538 585 515 585 527 586 529 586 531 586 531 587 529 587 483 587 531 588 483 588 532 588 532 589 483 589 485 589 485 590 487 590 532 590 532 591 487 591 489 591 532 592 489 592 539 592 501 593 503 593 540 593 540 594 503 594 541 594 538 595 542 595 515 595 515 596 542 596 543 596 515 597 543 597 513 597 513 598 543 598 544 598 513 599 544 599 511 599 511 600 544 600 545 600 511 601 545 601 509 601 509 602 545 602 546 602 509 603 546 603 507 603 507 604 546 604 541 604 507 605 541 605 505 605 505 606 541 606 503 606 540 607 547 607 501 607 501 608 547 608 548 608 501 609 548 609 499 609 499 610 548 610 549 610 499 611 549 611 497 611 497 612 549 612 550 612 497 613 550 613 495 613 495 614 550 614 551 614 495 615 551 615 493 615 493 616 551 616 539 616 493 617 539 617 491 617 491 618 539 618 489 618 532 619 539 619 534 619 534 620 539 620 552 620 530 621 528 621 533 621 533 622 528 622 526 622 533 623 526 623 536 623 500 624 498 624 553 624 553 625 498 625 554 625 554 626 498 626 496 626 554 627 496 627 552 627 526 628 524 628 536 628 536 629 524 629 522 629 536 630 522 630 555 630 555 631 522 631 520 631 555 632 520 632 556 632 556 633 520 633 518 633 556 634 518 634 557 634 557 635 518 635 516 635 557 636 516 636 558 636 558 637 516 637 514 637 558 638 514 638 559 638 496 639 494 639 552 639 552 640 494 640 492 640 552 641 492 641 534 641 534 642 492 642 490 642 490 643 488 643 534 643 534 644 488 644 486 644 534 645 486 645 533 645 533 646 486 646 484 646 533 647 484 647 530 647 559 648 514 648 560 648 560 649 514 649 512 649 560 650 512 650 561 650 561 651 512 651 510 651 561 652 510 652 562 652 553 653 563 653 500 653 500 654 563 654 564 654 500 655 564 655 502 655 502 656 564 656 565 656 502 657 565 657 504 657 504 658 565 658 566 658 504 659 566 659 506 659 506 660 566 660 562 660 506 661 562 661 508 661 508 662 562 662 510 662 567 663 568 663 540 663 569 664 561 664 570 664 570 665 561 665 562 665 570 666 562 666 571 666 571 667 562 667 572 667 572 668 562 668 566 668 572 669 566 669 573 669 574 670 575 670 565 670 565 671 575 671 576 671 565 672 576 672 566 672 566 673 576 673 577 673 566 674 577 674 573 674 578 675 579 675 548 675 548 676 579 676 580 676 548 677 580 677 581 677 581 678 582 678 564 678 564 679 582 679 583 679 583 680 584 680 564 680 564 681 584 681 585 681 564 682 585 682 565 682 565 683 585 683 586 683 565 684 586 684 574 684 540 685 568 685 547 685 547 686 568 686 587 686 547 687 587 687 588 687 588 688 589 688 547 688 547 689 589 689 590 689 547 690 590 690 548 690 548 691 590 691 591 691 548 692 591 692 578 692 592 693 541 693 593 693 593 694 541 694 546 694 593 695 546 695 594 695 592 696 595 696 541 696 541 697 595 697 596 697 541 698 596 698 540 698 540 699 596 699 597 699 540 700 597 700 567 700 594 701 546 701 598 701 598 702 546 702 545 702 598 703 545 703 599 703 600 704 601 704 544 704 544 705 601 705 602 705 544 706 602 706 545 706 545 707 602 707 603 707 545 708 603 708 599 708 604 709 605 709 558 709 558 710 605 710 606 710 558 711 606 711 607 711 607 712 608 712 543 712 543 713 608 713 609 713 609 714 610 714 543 714 543 715 610 715 611 715 543 716 611 716 544 716 544 717 611 717 612 717 544 718 612 718 600 718 613 719 614 719 559 719 559 720 614 720 615 720 559 721 615 721 558 721 558 722 615 722 616 722 558 723 616 723 604 723 569 724 617 724 561 724 561 725 617 725 618 725 561 726 618 726 560 726 560 727 618 727 619 727 619 728 620 728 560 728 560 729 620 729 621 729 560 730 621 730 559 730 559 731 621 731 622 731 559 732 622 732 613 732 607 733 543 733 558 733 558 734 543 734 542 734 558 735 542 735 557 735 557 736 542 736 538 736 557 737 538 737 556 737 556 738 538 738 537 738 556 739 537 739 555 739 555 740 537 740 535 740 555 741 535 741 536 741 581 742 564 742 548 742 548 743 564 743 563 743 548 744 563 744 549 744 549 745 563 745 553 745 549 746 553 746 550 746 550 747 553 747 554 747 550 748 554 748 551 748 551 749 554 749 552 749 551 750 552 750 539 750 603 751 602 751 364 751 619 752 348 752 620 752 620 753 348 753 347 753 620 754 347 754 621 754 621 755 347 755 622 755 622 756 347 756 613 756 613 757 347 757 342 757 613 758 342 758 614 758 614 759 342 759 615 759 615 760 342 760 341 760 615 761 341 761 616 761 378 762 605 762 341 762 341 763 605 763 604 763 341 764 604 764 616 764 380 765 607 765 378 765 378 766 607 766 606 766 378 767 606 767 605 767 611 768 610 768 360 768 360 769 610 769 609 769 360 770 609 770 380 770 380 771 609 771 608 771 380 772 608 772 607 772 364 773 602 773 359 773 602 774 601 774 359 774 359 775 601 775 600 775 359 776 600 776 360 776 360 777 600 777 612 777 360 778 612 778 611 778 593 779 594 779 367 779 367 780 594 780 598 780 367 781 598 781 364 781 364 782 598 782 599 782 364 783 599 783 603 783 593 784 367 784 592 784 592 785 367 785 394 785 592 786 394 786 595 786 595 787 394 787 396 787 595 788 396 788 596 788 587 789 568 789 399 789 399 790 568 790 567 790 399 791 567 791 396 791 396 792 567 792 597 792 396 793 597 793 596 793 587 794 399 794 588 794 588 795 399 795 368 795 588 796 368 796 589 796 589 797 368 797 590 797 590 798 368 798 354 798 590 799 354 799 591 799 353 800 579 800 354 800 354 801 579 801 578 801 354 802 578 802 591 802 386 803 581 803 353 803 353 804 581 804 580 804 353 805 580 805 579 805 388 806 583 806 386 806 386 807 583 807 582 807 386 808 582 808 581 808 345 809 574 809 388 809 388 810 574 810 586 810 586 811 585 811 388 811 388 812 585 812 584 812 388 813 584 813 583 813 573 814 344 814 572 814 572 815 344 815 358 815 572 816 358 816 571 816 573 817 577 817 344 817 344 818 577 818 576 818 344 819 576 819 345 819 345 820 576 820 575 820 345 821 575 821 574 821 619 822 618 822 348 822 348 823 618 823 617 823 348 824 617 824 373 824 373 825 617 825 569 825 373 826 569 826 358 826 358 827 569 827 570 827 358 828 570 828 571 828 295 829 623 829 294 829 294 830 623 830 624 830 294 831 624 831 292 831 292 832 624 832 625 832 292 833 625 833 296 833 296 834 625 834 626 834 296 835 626 835 297 835 297 836 626 836 627 836 297 837 627 837 298 837 298 838 627 838 628 838 298 839 628 839 291 839 291 840 628 840 629 840 291 841 629 841 289 841 289 842 629 842 630 842 289 843 630 843 284 843 284 844 630 844 631 844 284 845 631 845 285 845 285 846 631 846 632 846 285 847 632 847 287 847 287 848 632 848 633 848 287 849 633 849 288 849 288 850 633 850 634 850 288 851 634 851 283 851 283 852 634 852 635 852 283 853 635 853 281 853 281 854 635 854 636 854 281 855 636 855 276 855 276 856 636 856 637 856 276 857 637 857 277 857 277 858 637 858 638 858 277 859 638 859 279 859 279 860 638 860 639 860 279 861 639 861 280 861 280 862 639 862 640 862 280 863 640 863 275 863 275 864 640 864 641 864 275 865 641 865 273 865 273 866 641 866 642 866 273 867 642 867 272 867 272 868 642 868 643 868 272 869 643 869 270 869 270 870 643 870 644 870 270 871 644 871 262 871 262 872 644 872 645 872 262 873 645 873 263 873 263 874 645 874 646 874 263 875 646 875 265 875 265 876 646 876 647 876 265 877 647 877 267 877 267 878 647 878 648 878 267 879 648 879 268 879 268 880 648 880 649 880 268 881 649 881 269 881 269 882 649 882 650 882 269 883 650 883 261 883 261 884 650 884 651 884 261 885 651 885 259 885 259 886 651 886 652 886 259 887 652 887 258 887 258 888 652 888 653 888 258 889 653 889 257 889 257 890 653 890 654 890 257 891 654 891 255 891 255 892 654 892 655 892 255 893 655 893 253 893 253 894 655 894 656 894 253 895 656 895 295 895 295 896 656 896 623 896 656 897 657 897 623 897 623 898 657 898 658 898 623 899 658 899 624 899 624 900 658 900 659 900 624 901 659 901 625 901 625 902 659 902 660 902 625 903 660 903 626 903 626 904 660 904 661 904 626 905 661 905 627 905 627 906 661 906 662 906 627 907 662 907 628 907 628 908 662 908 663 908 628 909 663 909 629 909 629 910 663 910 664 910 629 911 664 911 630 911 630 912 664 912 665 912 630 913 665 913 631 913 631 914 665 914 666 914 631 915 666 915 632 915 632 916 666 916 667 916 632 917 667 917 633 917 633 918 667 918 668 918 633 919 668 919 634 919 634 920 668 920 669 920 634 921 669 921 635 921 635 922 669 922 670 922 635 923 670 923 636 923 636 924 670 924 671 924 636 925 671 925 637 925 637 926 671 926 672 926 637 927 672 927 638 927 638 928 672 928 673 928 638 929 673 929 639 929 639 930 673 930 674 930 639 931 674 931 640 931 640 932 674 932 675 932 640 933 675 933 641 933 641 934 675 934 676 934 641 935 676 935 642 935 642 936 676 936 677 936 642 937 677 937 643 937 643 938 677 938 678 938 643 939 678 939 644 939 644 940 678 940 679 940 644 941 679 941 645 941 645 942 679 942 680 942 645 943 680 943 646 943 646 944 680 944 681 944 646 945 681 945 647 945 647 946 681 946 682 946 647 947 682 947 648 947 648 948 682 948 683 948 648 949 683 949 649 949 649 950 683 950 684 950 649 951 684 951 650 951 650 952 684 952 685 952 650 953 685 953 651 953 651 954 685 954 686 954 651 955 686 955 652 955 652 956 686 956 687 956 652 957 687 957 653 957 653 958 687 958 688 958 653 959 688 959 654 959 654 960 688 960 689 960 654 961 689 961 655 961 655 962 689 962 690 962 655 963 690 963 656 963 656 964 690 964 657 964 690 965 223 965 657 965 657 966 223 966 225 966 657 967 225 967 658 967 658 968 225 968 227 968 658 969 227 969 659 969 659 970 227 970 229 970 659 971 229 971 660 971 660 972 229 972 231 972 660 973 231 973 661 973 661 974 231 974 233 974 661 975 233 975 662 975 662 976 233 976 235 976 662 977 235 977 663 977 663 978 235 978 237 978 663 979 237 979 664 979 664 980 237 980 239 980 664 981 239 981 665 981 665 982 239 982 241 982 665 983 241 983 666 983 666 984 241 984 243 984 666 985 243 985 667 985 667 986 243 986 245 986 667 987 245 987 668 987 668 988 245 988 247 988 668 989 247 989 669 989 669 990 247 990 249 990 669 991 249 991 670 991 670 992 249 992 251 992 670 993 251 993 671 993 671 994 251 994 185 994 671 995 185 995 672 995 672 996 185 996 187 996 672 997 187 997 673 997 673 998 187 998 189 998 673 999 189 999 674 999 674 1000 189 1000 191 1000 674 1001 191 1001 675 1001 675 1002 191 1002 193 1002 675 1003 193 1003 676 1003 676 1004 193 1004 195 1004 676 1005 195 1005 677 1005 677 1006 195 1006 197 1006 677 1007 197 1007 678 1007 678 1008 197 1008 199 1008 678 1009 199 1009 679 1009 679 1010 199 1010 201 1010 679 1011 201 1011 680 1011 680 1012 201 1012 203 1012 680 1013 203 1013 681 1013 681 1014 203 1014 205 1014 681 1015 205 1015 682 1015 682 1016 205 1016 207 1016 682 1017 207 1017 683 1017 683 1018 207 1018 209 1018 683 1019 209 1019 684 1019 684 1020 209 1020 211 1020 684 1021 211 1021 685 1021 685 1022 211 1022 213 1022 685 1023 213 1023 686 1023 686 1024 213 1024 215 1024 686 1025 215 1025 687 1025 687 1026 215 1026 217 1026 687 1027 217 1027 688 1027 688 1028 217 1028 219 1028 688 1029 219 1029 689 1029 689 1030 219 1030 221 1030 689 1031 221 1031 690 1031 690 1032 221 1032 223 1032 168 1033 691 1033 169 1033 169 1034 691 1034 692 1034 169 1035 692 1035 163 1035 163 1036 692 1036 693 1036 163 1037 693 1037 164 1037 164 1038 693 1038 694 1038 164 1039 694 1039 158 1039 158 1040 694 1040 695 1040 158 1041 695 1041 160 1041 160 1042 695 1042 696 1042 160 1043 696 1043 161 1043 161 1044 696 1044 697 1044 161 1045 697 1045 153 1045 153 1046 697 1046 698 1046 153 1047 698 1047 155 1047 155 1048 698 1048 699 1048 155 1049 699 1049 156 1049 156 1050 699 1050 700 1050 156 1051 700 1051 140 1051 140 1052 700 1052 701 1052 140 1053 701 1053 180 1053 180 1054 701 1054 702 1054 180 1055 702 1055 181 1055 181 1056 702 1056 703 1056 181 1057 703 1057 183 1057 183 1058 703 1058 704 1058 183 1059 704 1059 184 1059 184 1060 704 1060 705 1060 184 1061 705 1061 151 1061 151 1062 705 1062 706 1062 151 1063 706 1063 175 1063 175 1064 706 1064 707 1064 175 1065 707 1065 176 1065 176 1066 707 1066 708 1066 176 1067 708 1067 178 1067 178 1068 708 1068 709 1068 178 1069 709 1069 179 1069 179 1070 709 1070 710 1070 179 1071 710 1071 171 1071 171 1072 710 1072 711 1072 171 1073 711 1073 173 1073 173 1074 711 1074 712 1074 173 1075 712 1075 174 1075 174 1076 712 1076 713 1076 174 1077 713 1077 147 1077 147 1078 713 1078 714 1078 147 1079 714 1079 148 1079 148 1080 714 1080 715 1080 148 1081 715 1081 142 1081 142 1082 715 1082 716 1082 142 1083 716 1083 144 1083 144 1084 716 1084 717 1084 144 1085 717 1085 145 1085 145 1086 717 1086 718 1086 145 1087 718 1087 134 1087 134 1088 718 1088 719 1088 134 1089 719 1089 136 1089 136 1090 719 1090 720 1090 136 1091 720 1091 137 1091 137 1092 720 1092 721 1092 137 1093 721 1093 132 1093 132 1094 721 1094 722 1094 132 1095 722 1095 165 1095 165 1096 722 1096 723 1096 165 1097 723 1097 166 1097 166 1098 723 1098 724 1098 166 1099 724 1099 168 1099 168 1100 724 1100 691 1100 724 1101 725 1101 691 1101 691 1102 725 1102 726 1102 691 1103 726 1103 692 1103 692 1104 726 1104 727 1104 692 1105 727 1105 693 1105 693 1106 727 1106 728 1106 693 1107 728 1107 694 1107 694 1108 728 1108 729 1108 694 1109 729 1109 695 1109 695 1110 729 1110 730 1110 695 1111 730 1111 696 1111 696 1112 730 1112 731 1112 696 1113 731 1113 697 1113 697 1114 731 1114 732 1114 697 1115 732 1115 698 1115 698 1116 732 1116 733 1116 698 1117 733 1117 699 1117 699 1118 733 1118 734 1118 699 1119 734 1119 700 1119 700 1120 734 1120 735 1120 700 1121 735 1121 701 1121 701 1122 735 1122 736 1122 701 1123 736 1123 702 1123 702 1124 736 1124 737 1124 702 1125 737 1125 703 1125 703 1126 737 1126 738 1126 703 1127 738 1127 704 1127 704 1128 738 1128 739 1128 704 1129 739 1129 705 1129 705 1130 739 1130 740 1130 705 1131 740 1131 706 1131 706 1132 740 1132 741 1132 706 1133 741 1133 707 1133 707 1134 741 1134 742 1134 707 1135 742 1135 708 1135 708 1136 742 1136 743 1136 708 1137 743 1137 709 1137 709 1138 743 1138 744 1138 709 1139 744 1139 710 1139 710 1140 744 1140 745 1140 710 1141 745 1141 711 1141 711 1142 745 1142 746 1142 711 1143 746 1143 712 1143 712 1144 746 1144 747 1144 712 1145 747 1145 713 1145 713 1146 747 1146 748 1146 713 1147 748 1147 714 1147 714 1148 748 1148 749 1148 714 1149 749 1149 715 1149 715 1150 749 1150 750 1150 715 1151 750 1151 716 1151 716 1152 750 1152 751 1152 716 1153 751 1153 717 1153 717 1154 751 1154 752 1154 717 1155 752 1155 718 1155 718 1156 752 1156 753 1156 718 1157 753 1157 719 1157 719 1158 753 1158 754 1158 719 1159 754 1159 720 1159 720 1160 754 1160 755 1160 720 1161 755 1161 721 1161 721 1162 755 1162 756 1162 721 1163 756 1163 722 1163 722 1164 756 1164 757 1164 722 1165 757 1165 723 1165 723 1166 757 1166 758 1166 723 1167 758 1167 724 1167 724 1168 758 1168 725 1168 758 1169 186 1169 725 1169 725 1170 186 1170 252 1170 725 1171 252 1171 726 1171 726 1172 252 1172 250 1172 726 1173 250 1173 727 1173 727 1174 250 1174 248 1174 727 1175 248 1175 728 1175 728 1176 248 1176 246 1176 728 1177 246 1177 729 1177 729 1178 246 1178 244 1178 729 1179 244 1179 730 1179 730 1180 244 1180 242 1180 730 1181 242 1181 731 1181 731 1182 242 1182 240 1182 731 1183 240 1183 732 1183 732 1184 240 1184 238 1184 732 1185 238 1185 733 1185 733 1186 238 1186 236 1186 733 1187 236 1187 734 1187 734 1188 236 1188 234 1188 734 1189 234 1189 735 1189 735 1190 234 1190 232 1190 735 1191 232 1191 736 1191 736 1192 232 1192 230 1192 736 1193 230 1193 737 1193 737 1194 230 1194 228 1194 737 1195 228 1195 738 1195 738 1196 228 1196 226 1196 738 1197 226 1197 739 1197 739 1198 226 1198 224 1198 739 1199 224 1199 740 1199 740 1200 224 1200 222 1200 740 1201 222 1201 741 1201 741 1202 222 1202 220 1202 741 1203 220 1203 742 1203 742 1204 220 1204 218 1204 742 1205 218 1205 743 1205 743 1206 218 1206 216 1206 743 1207 216 1207 744 1207 744 1208 216 1208 214 1208 744 1209 214 1209 745 1209 745 1210 214 1210 212 1210 745 1211 212 1211 746 1211 746 1212 212 1212 210 1212 746 1213 210 1213 747 1213 747 1214 210 1214 208 1214 747 1215 208 1215 748 1215 748 1216 208 1216 206 1216 748 1217 206 1217 749 1217 749 1218 206 1218 204 1218 749 1219 204 1219 750 1219 750 1220 204 1220 202 1220 750 1221 202 1221 751 1221 751 1222 202 1222 200 1222 751 1223 200 1223 752 1223 752 1224 200 1224 198 1224 752 1225 198 1225 753 1225 753 1226 198 1226 196 1226 753 1227 196 1227 754 1227 754 1228 196 1228 194 1228 754 1229 194 1229 755 1229 755 1230 194 1230 192 1230 755 1231 192 1231 756 1231 756 1232 192 1232 190 1232 756 1233 190 1233 757 1233 757 1234 190 1234 188 1234 757 1235 188 1235 758 1235 758 1236 188 1236 186 1236 58 1237 759 1237 59 1237 59 1238 759 1238 760 1238 59 1239 760 1239 60 1239 60 1240 760 1240 761 1240 60 1241 761 1241 56 1241 56 1242 761 1242 762 1242 56 1243 762 1243 57 1243 57 1244 762 1244 763 1244 57 1245 763 1245 53 1245 53 1246 763 1246 764 1246 53 1247 764 1247 54 1247 54 1248 764 1248 765 1248 54 1249 765 1249 50 1249 50 1250 765 1250 766 1250 50 1251 766 1251 51 1251 51 1252 766 1252 767 1252 51 1253 767 1253 39 1253 39 1254 767 1254 768 1254 39 1255 768 1255 41 1255 41 1256 768 1256 769 1256 41 1257 769 1257 42 1257 42 1258 769 1258 770 1258 42 1259 770 1259 34 1259 34 1260 770 1260 771 1260 34 1261 771 1261 46 1261 46 1262 771 1262 772 1262 46 1263 772 1263 47 1263 47 1264 772 1264 773 1264 47 1265 773 1265 48 1265 48 1266 773 1266 774 1266 48 1267 774 1267 44 1267 44 1268 774 1268 775 1268 44 1269 775 1269 45 1269 45 1270 775 1270 776 1270 45 1271 776 1271 36 1271 36 1272 776 1272 777 1272 36 1273 777 1273 37 1273 37 1274 777 1274 778 1274 37 1275 778 1275 30 1275 30 1276 778 1276 779 1276 30 1277 779 1277 31 1277 31 1278 779 1278 780 1278 31 1279 780 1279 20 1279 20 1280 780 1280 781 1280 20 1281 781 1281 26 1281 26 1282 781 1282 782 1282 26 1283 782 1283 27 1283 27 1284 782 1284 783 1284 27 1285 783 1285 28 1285 28 1286 783 1286 784 1286 28 1287 784 1287 24 1287 24 1288 784 1288 785 1288 24 1289 785 1289 25 1289 25 1290 785 1290 786 1290 25 1291 786 1291 16 1291 16 1292 786 1292 787 1292 16 1293 787 1293 18 1293 18 1294 787 1294 788 1294 18 1295 788 1295 19 1295 19 1296 788 1296 789 1296 19 1297 789 1297 2 1297 2 1298 789 1298 790 1298 2 1299 790 1299 12 1299 12 1300 790 1300 791 1300 12 1301 791 1301 13 1301 13 1302 791 1302 792 1302 13 1303 792 1303 14 1303 14 1304 792 1304 793 1304 14 1305 793 1305 10 1305 10 1306 793 1306 794 1306 10 1307 794 1307 11 1307 11 1308 794 1308 795 1308 11 1309 795 1309 7 1309 7 1310 795 1310 796 1310 7 1311 796 1311 8 1311 8 1312 796 1312 797 1312 8 1313 797 1313 5 1313 5 1314 797 1314 798 1314 5 1315 798 1315 58 1315 58 1316 798 1316 759 1316 798 1317 799 1317 759 1317 759 1318 799 1318 800 1318 759 1319 800 1319 760 1319 760 1320 800 1320 801 1320 760 1321 801 1321 761 1321 761 1322 801 1322 802 1322 761 1323 802 1323 762 1323 762 1324 802 1324 803 1324 762 1325 803 1325 763 1325 763 1326 803 1326 804 1326 763 1327 804 1327 764 1327 764 1328 804 1328 805 1328 764 1329 805 1329 765 1329 765 1330 805 1330 806 1330 765 1331 806 1331 766 1331 766 1332 806 1332 807 1332 766 1333 807 1333 767 1333 767 1334 807 1334 808 1334 767 1335 808 1335 768 1335 768 1336 808 1336 809 1336 768 1337 809 1337 769 1337 769 1338 809 1338 810 1338 769 1339 810 1339 770 1339 770 1340 810 1340 811 1340 770 1341 811 1341 771 1341 771 1342 811 1342 812 1342 771 1343 812 1343 772 1343 772 1344 812 1344 813 1344 772 1345 813 1345 773 1345 773 1346 813 1346 814 1346 773 1347 814 1347 774 1347 774 1348 814 1348 815 1348 774 1349 815 1349 775 1349 775 1350 815 1350 816 1350 775 1351 816 1351 776 1351 776 1352 816 1352 817 1352 776 1353 817 1353 777 1353 777 1354 817 1354 818 1354 777 1355 818 1355 778 1355 778 1356 818 1356 819 1356 778 1357 819 1357 779 1357 779 1358 819 1358 820 1358 779 1359 820 1359 780 1359 780 1360 820 1360 821 1360 780 1361 821 1361 781 1361 781 1362 821 1362 822 1362 781 1363 822 1363 782 1363 782 1364 822 1364 823 1364 782 1365 823 1365 783 1365 783 1366 823 1366 824 1366 783 1367 824 1367 784 1367 784 1368 824 1368 825 1368 784 1369 825 1369 785 1369 785 1370 825 1370 826 1370 785 1371 826 1371 786 1371 786 1372 826 1372 827 1372 786 1373 827 1373 787 1373 787 1374 827 1374 828 1374 787 1375 828 1375 788 1375 788 1376 828 1376 829 1376 788 1377 829 1377 789 1377 789 1378 829 1378 830 1378 789 1379 830 1379 790 1379 790 1380 830 1380 831 1380 790 1381 831 1381 791 1381 791 1382 831 1382 832 1382 791 1383 832 1383 792 1383 792 1384 832 1384 833 1384 792 1385 833 1385 793 1385 793 1386 833 1386 834 1386 793 1387 834 1387 794 1387 794 1388 834 1388 835 1388 794 1389 835 1389 795 1389 795 1390 835 1390 836 1390 795 1391 836 1391 796 1391 796 1392 836 1392 837 1392 796 1393 837 1393 797 1393 797 1394 837 1394 838 1394 797 1395 838 1395 798 1395 798 1396 838 1396 799 1396 838 1397 404 1397 799 1397 799 1398 404 1398 482 1398 799 1399 482 1399 800 1399 800 1400 482 1400 480 1400 800 1401 480 1401 801 1401 801 1402 480 1402 478 1402 801 1403 478 1403 802 1403 802 1404 478 1404 476 1404 802 1405 476 1405 803 1405 803 1406 476 1406 474 1406 803 1407 474 1407 804 1407 804 1408 474 1408 472 1408 804 1409 472 1409 805 1409 805 1410 472 1410 470 1410 805 1411 470 1411 806 1411 806 1412 470 1412 468 1412 806 1413 468 1413 807 1413 807 1414 468 1414 466 1414 807 1415 466 1415 808 1415 808 1416 466 1416 464 1416 808 1417 464 1417 809 1417 809 1418 464 1418 462 1418 809 1419 462 1419 810 1419 810 1420 462 1420 460 1420 810 1421 460 1421 811 1421 811 1422 460 1422 458 1422 811 1423 458 1423 812 1423 812 1424 458 1424 456 1424 812 1425 456 1425 813 1425 813 1426 456 1426 454 1426 813 1427 454 1427 814 1427 814 1428 454 1428 452 1428 814 1429 452 1429 815 1429 815 1430 452 1430 450 1430 815 1431 450 1431 816 1431 816 1432 450 1432 448 1432 816 1433 448 1433 817 1433 817 1434 448 1434 446 1434 817 1435 446 1435 818 1435 818 1436 446 1436 444 1436 818 1437 444 1437 819 1437 819 1438 444 1438 442 1438 819 1439 442 1439 820 1439 820 1440 442 1440 440 1440 820 1441 440 1441 821 1441 821 1442 440 1442 438 1442 821 1443 438 1443 822 1443 822 1444 438 1444 436 1444 822 1445 436 1445 823 1445 823 1446 436 1446 434 1446 823 1447 434 1447 824 1447 824 1448 434 1448 432 1448 824 1449 432 1449 825 1449 825 1450 432 1450 430 1450 825 1451 430 1451 826 1451 826 1452 430 1452 428 1452 826 1453 428 1453 827 1453 827 1454 428 1454 426 1454 827 1455 426 1455 828 1455 828 1456 426 1456 424 1456 828 1457 424 1457 829 1457 829 1458 424 1458 422 1458 829 1459 422 1459 830 1459 830 1460 422 1460 420 1460 830 1461 420 1461 831 1461 831 1462 420 1462 418 1462 831 1463 418 1463 832 1463 832 1464 418 1464 416 1464 832 1465 416 1465 833 1465 833 1466 416 1466 414 1466 833 1467 414 1467 834 1467 834 1468 414 1468 412 1468 834 1469 412 1469 835 1469 835 1470 412 1470 410 1470 835 1471 410 1471 836 1471 836 1472 410 1472 408 1472 836 1473 408 1473 837 1473 837 1474 408 1474 406 1474 837 1475 406 1475 838 1475 838 1476 406 1476 404 1476 839 1477 374 1477 840 1477 840 1478 374 1478 372 1478 840 1479 372 1479 841 1479 841 1480 372 1480 371 1480 841 1481 371 1481 842 1481 842 1482 371 1482 357 1482 842 1483 357 1483 843 1483 843 1484 357 1484 356 1484 843 1485 356 1485 844 1485 844 1486 356 1486 346 1486 844 1487 346 1487 845 1487 845 1488 346 1488 391 1488 845 1489 391 1489 846 1489 846 1490 391 1490 390 1490 846 1491 390 1491 847 1491 847 1492 390 1492 389 1492 847 1493 389 1493 848 1493 848 1494 389 1494 387 1494 848 1495 387 1495 849 1495 849 1496 387 1496 385 1496 849 1497 385 1497 850 1497 850 1498 385 1498 384 1498 850 1499 384 1499 851 1499 851 1500 384 1500 355 1500 851 1501 355 1501 852 1501 852 1502 355 1502 370 1502 852 1503 370 1503 853 1503 853 1504 370 1504 369 1504 853 1505 369 1505 854 1505 854 1506 369 1506 402 1506 854 1507 402 1507 855 1507 855 1508 402 1508 401 1508 855 1509 401 1509 856 1509 856 1510 401 1510 400 1510 856 1511 400 1511 857 1511 857 1512 400 1512 398 1512 857 1513 398 1513 858 1513 858 1514 398 1514 397 1514 858 1515 397 1515 859 1515 859 1516 397 1516 395 1516 859 1517 395 1517 860 1517 860 1518 395 1518 393 1518 860 1519 393 1519 861 1519 861 1520 393 1520 392 1520 861 1521 392 1521 862 1521 862 1522 392 1522 366 1522 862 1523 366 1523 863 1523 863 1524 366 1524 365 1524 863 1525 365 1525 864 1525 864 1526 365 1526 363 1526 864 1527 363 1527 865 1527 865 1528 363 1528 362 1528 865 1529 362 1529 866 1529 866 1530 362 1530 361 1530 866 1531 361 1531 867 1531 867 1532 361 1532 383 1532 867 1533 383 1533 868 1533 868 1534 383 1534 382 1534 868 1535 382 1535 869 1535 869 1536 382 1536 381 1536 869 1537 381 1537 870 1537 870 1538 381 1538 379 1538 870 1539 379 1539 871 1539 871 1540 379 1540 377 1540 871 1541 377 1541 872 1541 872 1542 377 1542 376 1542 872 1543 376 1543 873 1543 873 1544 376 1544 343 1544 873 1545 343 1545 874 1545 874 1546 343 1546 352 1546 874 1547 352 1547 875 1547 875 1548 352 1548 351 1548 875 1549 351 1549 876 1549 876 1550 351 1550 350 1550 876 1551 350 1551 877 1551 877 1552 350 1552 349 1552 877 1553 349 1553 878 1553 878 1554 349 1554 375 1554 878 1555 375 1555 839 1555 839 1556 375 1556 374 1556 879 1557 839 1557 880 1557 880 1558 839 1558 840 1558 880 1559 840 1559 881 1559 881 1560 840 1560 841 1560 881 1561 841 1561 882 1561 882 1562 841 1562 842 1562 882 1563 842 1563 883 1563 883 1564 842 1564 843 1564 883 1565 843 1565 884 1565 884 1566 843 1566 844 1566 884 1567 844 1567 885 1567 885 1568 844 1568 845 1568 885 1569 845 1569 886 1569 886 1570 845 1570 846 1570 886 1571 846 1571 887 1571 887 1572 846 1572 847 1572 887 1573 847 1573 888 1573 888 1574 847 1574 848 1574 888 1575 848 1575 889 1575 889 1576 848 1576 849 1576 889 1577 849 1577 890 1577 890 1578 849 1578 850 1578 890 1579 850 1579 891 1579 891 1580 850 1580 851 1580 891 1581 851 1581 892 1581 892 1582 851 1582 852 1582 892 1583 852 1583 893 1583 893 1584 852 1584 853 1584 893 1585 853 1585 894 1585 894 1586 853 1586 854 1586 894 1587 854 1587 895 1587 895 1588 854 1588 855 1588 895 1589 855 1589 896 1589 896 1590 855 1590 856 1590 896 1591 856 1591 897 1591 897 1592 856 1592 857 1592 897 1593 857 1593 898 1593 898 1594 857 1594 858 1594 898 1595 858 1595 899 1595 899 1596 858 1596 859 1596 899 1597 859 1597 900 1597 900 1598 859 1598 860 1598 900 1599 860 1599 901 1599 901 1600 860 1600 861 1600 901 1601 861 1601 902 1601 902 1602 861 1602 862 1602 902 1603 862 1603 903 1603 903 1604 862 1604 863 1604 903 1605 863 1605 904 1605 904 1606 863 1606 864 1606 904 1607 864 1607 905 1607 905 1608 864 1608 865 1608 905 1609 865 1609 906 1609 906 1610 865 1610 866 1610 906 1611 866 1611 907 1611 907 1612 866 1612 867 1612 907 1613 867 1613 908 1613 908 1614 867 1614 868 1614 908 1615 868 1615 909 1615 909 1616 868 1616 869 1616 909 1617 869 1617 910 1617 910 1618 869 1618 870 1618 910 1619 870 1619 911 1619 911 1620 870 1620 871 1620 911 1621 871 1621 912 1621 912 1622 871 1622 872 1622 912 1623 872 1623 913 1623 913 1624 872 1624 873 1624 913 1625 873 1625 914 1625 914 1626 873 1626 874 1626 914 1627 874 1627 915 1627 915 1628 874 1628 875 1628 915 1629 875 1629 916 1629 916 1630 875 1630 876 1630 916 1631 876 1631 917 1631 917 1632 876 1632 877 1632 917 1633 877 1633 918 1633 918 1634 877 1634 878 1634 918 1635 878 1635 879 1635 879 1636 878 1636 839 1636 405 1637 879 1637 403 1637 403 1638 879 1638 880 1638 403 1639 880 1639 481 1639 481 1640 880 1640 881 1640 481 1641 881 1641 479 1641 479 1642 881 1642 882 1642 479 1643 882 1643 477 1643 477 1644 882 1644 883 1644 477 1645 883 1645 475 1645 475 1646 883 1646 884 1646 475 1647 884 1647 473 1647 473 1648 884 1648 885 1648 473 1649 885 1649 471 1649 471 1650 885 1650 886 1650 471 1651 886 1651 469 1651 469 1652 886 1652 887 1652 469 1653 887 1653 467 1653 467 1654 887 1654 888 1654 467 1655 888 1655 465 1655 465 1656 888 1656 889 1656 465 1657 889 1657 463 1657 463 1658 889 1658 890 1658 463 1659 890 1659 461 1659 461 1660 890 1660 891 1660 461 1661 891 1661 459 1661 459 1662 891 1662 892 1662 459 1663 892 1663 457 1663 457 1664 892 1664 893 1664 457 1665 893 1665 455 1665 455 1666 893 1666 894 1666 455 1667 894 1667 453 1667 453 1668 894 1668 895 1668 453 1669 895 1669 451 1669 451 1670 895 1670 896 1670 451 1671 896 1671 449 1671 449 1672 896 1672 897 1672 449 1673 897 1673 447 1673 447 1674 897 1674 898 1674 447 1675 898 1675 445 1675 445 1676 898 1676 899 1676 445 1677 899 1677 443 1677 443 1678 899 1678 900 1678 443 1679 900 1679 441 1679 441 1680 900 1680 901 1680 441 1681 901 1681 439 1681 439 1682 901 1682 902 1682 439 1683 902 1683 437 1683 437 1684 902 1684 903 1684 437 1685 903 1685 435 1685 435 1686 903 1686 904 1686 435 1687 904 1687 433 1687 433 1688 904 1688 905 1688 433 1689 905 1689 431 1689 431 1690 905 1690 906 1690 431 1691 906 1691 429 1691 429 1692 906 1692 907 1692 429 1693 907 1693 427 1693 427 1694 907 1694 908 1694 427 1695 908 1695 425 1695 425 1696 908 1696 909 1696 425 1697 909 1697 423 1697 423 1698 909 1698 910 1698 423 1699 910 1699 421 1699 421 1700 910 1700 911 1700 421 1701 911 1701 419 1701 419 1702 911 1702 912 1702 419 1703 912 1703 417 1703 417 1704 912 1704 913 1704 417 1705 913 1705 415 1705 415 1706 913 1706 914 1706 415 1707 914 1707 413 1707 413 1708 914 1708 915 1708 413 1709 915 1709 411 1709 411 1710 915 1710 916 1710 411 1711 916 1711 409 1711 409 1712 916 1712 917 1712 409 1713 917 1713 407 1713 407 1714 917 1714 918 1714 407 1715 918 1715 405 1715 405 1716 918 1716 879 1716 919 1717 93 1717 920 1717 920 1718 93 1718 91 1718 920 1719 91 1719 921 1719 91 1720 90 1720 921 1720 921 1721 90 1721 86 1721 921 1722 86 1722 922 1722 86 1723 88 1723 922 1723 922 1724 88 1724 89 1724 922 1725 89 1725 923 1725 923 1726 89 1726 82 1726 923 1727 82 1727 924 1727 82 1728 80 1728 924 1728 924 1729 80 1729 78 1729 924 1730 78 1730 925 1730 78 1731 76 1731 925 1731 925 1732 76 1732 74 1732 925 1733 74 1733 926 1733 74 1734 72 1734 926 1734 926 1735 72 1735 70 1735 926 1736 70 1736 927 1736 927 1737 70 1737 68 1737 927 1738 68 1738 928 1738 68 1739 67 1739 928 1739 928 1740 67 1740 63 1740 928 1741 63 1741 929 1741 63 1742 65 1742 929 1742 929 1743 65 1743 129 1743 929 1744 129 1744 930 1744 930 1745 129 1745 128 1745 930 1746 128 1746 931 1746 128 1747 126 1747 931 1747 931 1748 126 1748 124 1748 931 1749 124 1749 932 1749 124 1750 122 1750 932 1750 932 1751 122 1751 120 1751 932 1752 120 1752 933 1752 120 1753 118 1753 933 1753 933 1754 118 1754 116 1754 933 1755 116 1755 934 1755 934 1756 116 1756 114 1756 934 1757 114 1757 935 1757 114 1758 113 1758 935 1758 935 1759 113 1759 109 1759 935 1760 109 1760 936 1760 109 1761 111 1761 936 1761 936 1762 111 1762 112 1762 936 1763 112 1763 937 1763 937 1764 112 1764 105 1764 937 1765 105 1765 938 1765 105 1766 103 1766 938 1766 938 1767 103 1767 101 1767 938 1768 101 1768 939 1768 101 1769 99 1769 939 1769 939 1770 99 1770 97 1770 939 1771 97 1771 919 1771 919 1772 97 1772 95 1772 919 1773 95 1773 93 1773 939 1774 940 1774 938 1774 938 1775 940 1775 941 1775 938 1776 941 1776 937 1776 937 1777 941 1777 942 1777 937 1778 942 1778 936 1778 936 1779 942 1779 943 1779 936 1780 943 1780 935 1780 935 1781 943 1781 944 1781 935 1782 944 1782 934 1782 934 1783 944 1783 945 1783 934 1784 945 1784 933 1784 933 1785 945 1785 946 1785 933 1786 946 1786 932 1786 932 1787 946 1787 947 1787 932 1788 947 1788 931 1788 931 1789 947 1789 948 1789 931 1790 948 1790 930 1790 930 1791 948 1791 949 1791 930 1792 949 1792 929 1792 929 1793 949 1793 950 1793 929 1794 950 1794 928 1794 928 1795 950 1795 951 1795 928 1796 951 1796 927 1796 927 1797 951 1797 952 1797 927 1798 952 1798 926 1798 926 1799 952 1799 953 1799 926 1800 953 1800 925 1800 925 1801 953 1801 954 1801 925 1802 954 1802 924 1802 924 1803 954 1803 955 1803 924 1804 955 1804 923 1804 923 1805 955 1805 956 1805 923 1806 956 1806 922 1806 922 1807 956 1807 957 1807 922 1808 957 1808 921 1808 921 1809 957 1809 958 1809 921 1810 958 1810 920 1810 920 1811 958 1811 959 1811 920 1812 959 1812 919 1812 919 1813 959 1813 960 1813 919 1814 960 1814 939 1814 939 1815 960 1815 940 1815 940 1816 55 1816 941 1816 941 1817 55 1817 52 1817 941 1818 52 1818 942 1818 942 1819 52 1819 49 1819 942 1820 49 1820 943 1820 943 1821 49 1821 38 1821 943 1822 38 1822 944 1822 944 1823 38 1823 40 1823 944 1824 40 1824 945 1824 945 1825 40 1825 33 1825 945 1826 33 1826 946 1826 946 1827 33 1827 32 1827 946 1828 32 1828 947 1828 947 1829 32 1829 43 1829 947 1830 43 1830 948 1830 948 1831 43 1831 35 1831 948 1832 35 1832 949 1832 949 1833 35 1833 29 1833 949 1834 29 1834 950 1834 950 1835 29 1835 22 1835 950 1836 22 1836 951 1836 951 1837 22 1837 21 1837 951 1838 21 1838 952 1838 952 1839 21 1839 23 1839 952 1840 23 1840 953 1840 953 1841 23 1841 15 1841 953 1842 15 1842 954 1842 954 1843 15 1843 17 1843 954 1844 17 1844 955 1844 955 1845 17 1845 1 1845 955 1846 1 1846 956 1846 956 1847 1 1847 0 1847 956 1848 0 1848 957 1848 957 1849 0 1849 9 1849 957 1850 9 1850 958 1850 958 1851 9 1851 6 1851 958 1852 6 1852 959 1852 959 1853 6 1853 4 1853 959 1854 4 1854 960 1854 960 1855 4 1855 3 1855 960 1856 3 1856 940 1856 940 1857 3 1857 55 1857 961 1858 62 1858 962 1858 962 1859 62 1859 61 1859 962 1860 61 1860 963 1860 61 1861 69 1861 963 1861 963 1862 69 1862 71 1862 963 1863 71 1863 964 1863 71 1864 73 1864 964 1864 964 1865 73 1865 75 1865 964 1866 75 1866 965 1866 75 1867 77 1867 965 1867 965 1868 77 1868 79 1868 965 1869 79 1869 966 1869 966 1870 79 1870 81 1870 966 1871 81 1871 967 1871 967 1872 81 1872 83 1872 967 1873 83 1873 968 1873 83 1874 87 1874 968 1874 968 1875 87 1875 85 1875 968 1876 85 1876 969 1876 969 1877 85 1877 84 1877 969 1878 84 1878 970 1878 84 1879 92 1879 970 1879 970 1880 92 1880 94 1880 970 1881 94 1881 971 1881 94 1882 96 1882 971 1882 971 1883 96 1883 98 1883 971 1884 98 1884 972 1884 98 1885 100 1885 972 1885 972 1886 100 1886 102 1886 972 1887 102 1887 973 1887 973 1888 102 1888 104 1888 973 1889 104 1889 974 1889 974 1890 104 1890 106 1890 974 1891 106 1891 975 1891 106 1892 110 1892 975 1892 975 1893 110 1893 108 1893 975 1894 108 1894 976 1894 976 1895 108 1895 107 1895 976 1896 107 1896 977 1896 107 1897 115 1897 977 1897 977 1898 115 1898 117 1898 977 1899 117 1899 978 1899 117 1900 119 1900 978 1900 978 1901 119 1901 121 1901 978 1902 121 1902 979 1902 121 1903 123 1903 979 1903 979 1904 123 1904 125 1904 979 1905 125 1905 980 1905 980 1906 125 1906 127 1906 980 1907 127 1907 981 1907 981 1908 127 1908 66 1908 981 1909 66 1909 961 1909 961 1910 66 1910 64 1910 961 1911 64 1911 62 1911 980 1912 982 1912 979 1912 979 1913 982 1913 983 1913 979 1914 983 1914 978 1914 978 1915 983 1915 984 1915 978 1916 984 1916 977 1916 977 1917 984 1917 985 1917 977 1918 985 1918 976 1918 976 1919 985 1919 986 1919 976 1920 986 1920 975 1920 975 1921 986 1921 987 1921 975 1922 987 1922 974 1922 974 1923 987 1923 988 1923 974 1924 988 1924 973 1924 973 1925 988 1925 989 1925 973 1926 989 1926 972 1926 972 1927 989 1927 990 1927 972 1928 990 1928 971 1928 971 1929 990 1929 991 1929 971 1930 991 1930 970 1930 970 1931 991 1931 992 1931 970 1932 992 1932 969 1932 969 1933 992 1933 993 1933 969 1934 993 1934 968 1934 968 1935 993 1935 994 1935 968 1936 994 1936 967 1936 967 1937 994 1937 995 1937 967 1938 995 1938 966 1938 966 1939 995 1939 996 1939 966 1940 996 1940 965 1940 965 1941 996 1941 997 1941 965 1942 997 1942 964 1942 964 1943 997 1943 998 1943 964 1944 998 1944 963 1944 963 1945 998 1945 999 1945 963 1946 999 1946 962 1946 962 1947 999 1947 1000 1947 962 1948 1000 1948 961 1948 961 1949 1000 1949 1001 1949 961 1950 1001 1950 981 1950 981 1951 1001 1951 1002 1951 981 1952 1002 1952 980 1952 980 1953 1002 1953 982 1953 982 1954 162 1954 983 1954 983 1955 162 1955 157 1955 983 1956 157 1956 984 1956 984 1957 157 1957 159 1957 984 1958 159 1958 985 1958 985 1959 159 1959 152 1959 985 1960 152 1960 986 1960 986 1961 152 1961 154 1961 986 1962 154 1962 987 1962 987 1963 154 1963 139 1963 987 1964 139 1964 988 1964 988 1965 139 1965 138 1965 988 1966 138 1966 989 1966 989 1967 138 1967 182 1967 989 1968 182 1968 990 1968 990 1969 182 1969 150 1969 990 1970 150 1970 991 1970 991 1971 150 1971 149 1971 991 1972 149 1972 992 1972 992 1973 149 1973 177 1973 992 1974 177 1974 993 1974 993 1975 177 1975 170 1975 993 1976 170 1976 994 1976 994 1977 170 1977 172 1977 994 1978 172 1978 995 1978 995 1979 172 1979 146 1979 995 1980 146 1980 996 1980 996 1981 146 1981 141 1981 996 1982 141 1982 997 1982 997 1983 141 1983 143 1983 997 1984 143 1984 998 1984 998 1985 143 1985 133 1985 998 1986 133 1986 999 1986 999 1987 133 1987 135 1987 999 1988 135 1988 1000 1988 1000 1989 135 1989 131 1989 1000 1990 131 1990 1001 1990 1001 1991 131 1991 130 1991 1001 1992 130 1992 1002 1992 1002 1993 130 1993 167 1993 1002 1994 167 1994 982 1994 982 1995 167 1995 162 1995</p>
                </triangles>
            </mesh>
        </geometry>
    </library_geometries>
    <library_visual_scenes>
        <visual_scene id="VisualSceneNode" name="VisualScene">
            <node id="node" name="node">
                <instance_geometry url="#shape0-lib"/>
            </node>
        </visual_scene>
    </library_visual_scenes>
    <scene>
        <instance_visual_scene url="#VisualSceneNode"/>
    </scene>
</COLLADA>
