<?xml version="1.0" encoding="UTF-8"?>
<COLLADA xmlns="http://www.collada.org/2005/11/COLLADASchema" version="1.4.1">
    <asset>
        <contributor>
            <author>VCGLab</author>
            <authoring_tool>VCGLib | MeshLab</authoring_tool>
        </contributor>
        <created>Sun May 25 05:39:25 2025 GMT</created>
        <modified>Sun May 25 05:39:25 2025 GMT</modified>
        <up_axis>Y_UP</up_axis>
    </asset>
    <library_geometries>
        <geometry id="shape0-lib" name="shape0">
            <mesh>
                <source id="shape0-lib-positions" name="position">
                    <float_array id="shape0-lib-positions-array" count="3177">-0.234793 0.0204824 0.12 -0.22318 0.0052964 0.12 -0.22318 0.021689 0.12 -0.163144 0.021689 0.12 -0.163144 -0.00143143 0.12 -0.152678 0.021689 0.12 -0.0238973 0.0209252 0.12 -0.0360755 0.0306369 0.12 -0.0512614 0.034103 0.12 -0.247139 0.0204824 0.12 -0.396261 0.034103 0.12 -0.142212 0.021689 0.12 -0.130545 0.021689 0.12 -0.130545 -0.0245518 0.12 -0.289974 0.021689 0.12 -0.262506 0.021689 0.12 -0.142212 -0.0245518 0.12 -0.396261 -0.035897 0.12 -0.0512614 -0.035897 0.12 -0.247139 -0.0233453 0.12 -0.230381 -0.00143143 0.12 -0.262506 -0.0238043 0.12 -0.289974 -0.0238043 0.12 -0.289974 -0.0132022 0.12 -0.0238973 -0.0227191 0.12 -0.0171389 -0.00868522 0.12 -0.0360755 -0.0324309 0.12 -0.0171389 0.00689125 0.12 -0.187853 -0.0245518 0.12 -0.199924 -0.0245518 0.12 -0.142212 -0.00143143 0.12 -0.174811 0.021689 0.12 -0.289974 0.011689 0.12 -0.187853 0.021689 0.12 -0.174811 -0.0245518 0.12 -0.163144 -0.0245518 0.12 -0.152678 -0.00143143 0.12 -0.211628 0.021689 0.12 -0.271357 -0.0132022 0.12 -0.271357 -0.00416783 0.12 -0.280666 -0.00416783 0.12 -0.280666 0.00347626 0.12 -0.423625 -0.0227191 0.12 -0.411447 -0.0324309 0.12 -0.430384 -0.00868522 0.12 -0.430384 0.00689125 0.12 -0.423625 0.0209252 0.12 -0.271357 0.00347626 0.12 -0.271357 0.011689 0.12 -0.411447 0.0306369 0.12 -0.22318 -0.0245518 0.12 -0.22318 -0.00815926 0.12 -0.234793 -0.0233453 0.12 -0.199924 0.021689 0.12 -0.211628 -0.0245518 0.12 -0.33 -0.06 -0.09 -0.5 -0.075 -0.09 -0.13198 -0.09699 -0.09 -0.21 0.06 -0.09 -0.13198 0.09699 -0.09 -0.33 0.06 -0.09 -0.5 0.075 -0.09 -0.473678 0.0425109 -0.09 -0.460099 0.0301317 -0.09 -0.451909 0.0136831 -0.09 -0.450213 -0.00461342 -0.09 -0.544758 -0.0222869 -0.09 -0.549787 -0.00461342 -0.09 -0.575 4.00519e-15 -0.09 7.77156e-16 0.075 -0.09 0.0231763 0.0713292 -0.09 0.0344595 0.120156 -0.09 -0.455242 -0.0222869 -0.09 -0.466315 -0.0369504 -0.09 -0.571329 0.0231763 -0.09 -0.548091 0.0136831 -0.09 -0.560676 0.0440839 -0.09 -0.539901 0.0301317 -0.09 -0.544084 0.0606763 -0.09 -0.526322 0.0425109 -0.09 -0.523176 0.0713292 -0.09 -0.509187 0.0491487 -0.09 -0.5 0.05 -0.09 -0.490813 0.0491487 -0.09 0.0614702 0.108841 -0.09 0.0440839 0.0606763 -0.09 0.085107 0.0915522 -0.09 0.0606763 0.0440839 -0.09 0.104072 0.0692381 -0.09 0.117326 0.0431238 -0.09 0.0713292 0.0231763 -0.09 0.124139 0.0146425 -0.09 0.075 -5.07895e-16 -0.09 0.124139 -0.0146425 -0.09 0.0713292 -0.0231763 -0.09 0.117326 -0.0431238 -0.09 0.104072 -0.0692381 -0.09 0.0606763 -0.0440839 -0.09 0.085107 -0.0915522 -0.09 0.0440839 -0.0606763 -0.09 0.0614702 -0.108841 -0.09 0.0344595 -0.120156 -0.09 0.0231763 -0.0713292 -0.09 0.00555737 -0.124876 -0.09 -2.22045e-16 -0.075 -0.09 -0.0236497 -0.122742 -0.09 -0.0231763 -0.0713292 -0.09 -0.0515588 -0.113871 -0.09 -0.481938 -0.0466236 -0.09 -0.5 -0.05 -0.09 -0.523176 -0.0713292 -0.09 -0.518062 -0.0466236 -0.09 -0.544084 -0.0606763 -0.09 -0.533685 -0.0369504 -0.09 -0.560676 -0.0440839 -0.09 -0.571329 -0.0231763 -0.09 -0.0775018 -0.104553 -0.09 -0.0440839 -0.0606763 -0.09 -0.10448 -0.0988897 -0.09 -0.0606763 -0.0440839 -0.09 -0.21 -0.06 -0.09 -0.0713292 -0.0231763 -0.09 -0.075 4.54566e-16 -0.09 -0.0713292 0.0231763 -0.09 -0.0606763 0.0440839 -0.09 0.00555737 0.124876 -0.09 -0.0236497 0.122742 -0.09 -0.0231763 0.0713292 -0.09 -0.0515588 0.113871 -0.09 -0.0440839 0.0606763 -0.09 -0.0775018 0.104553 -0.09 -0.10448 0.0988897 -0.09 -0.544084 0.0606763 -0.11 -0.554318 0.050255 -0.11 -0.560676 0.0440839 -0.11 -0.563725 0.0376174 -0.11 -0.571329 0.0231763 -0.11 -0.570244 0.0232749 -0.11 -0.57358 0.0078773 -0.11 -0.575 3.99084e-15 -0.11 -0.57358 -0.0078773 -0.11 -0.571329 -0.0231763 -0.11 -0.570244 -0.0232749 -0.11 -0.563725 -0.0376174 -0.11 -0.560676 -0.0440839 -0.11 -0.554318 -0.050255 -0.11 -0.544084 -0.0606763 -0.11 -0.0515588 -0.113871 -0.11 -0.0344736 -0.119112 -0.11 -0.0236497 -0.122742 -0.11 -0.0140209 -0.123205 -0.11 0.00555737 -0.124876 -0.11 0.085107 -0.0915522 -0.11 0.0969126 -0.0773559 -0.11 0.104072 -0.0692381 -0.11 0.108508 -0.0600174 -0.11 0.117326 -0.0431238 -0.11 0.117032 -0.0409807 -0.11 0.122246 -0.0207844 -0.11 0.124139 -0.0146425 -0.11 0.124 -4.92772e-15 -0.11 0.124139 0.0146425 -0.11 0.122246 0.0207844 -0.11 0.117326 0.0431238 -0.11 0.0068286 -0.123812 -0.11 0.0274848 -0.120916 -0.11 0.0344595 -0.120156 -0.11 0.0473634 -0.114598 -0.11 0.0614702 -0.108841 -0.11 0.0659018 -0.105038 -0.11 0.0825755 -0.0925056 -0.11 0.117032 0.0409807 -0.11 0.108508 0.0600174 -0.11 0.104072 0.0692381 -0.11 0.0969126 0.0773559 -0.11 0.085107 0.0915522 -0.11 -0.13198 -0.09699 -0.11 -0.111421 -0.0970441 -0.11 -0.10448 -0.0988897 -0.11 -0.0906188 -0.100292 -0.11 -0.0775018 -0.104553 -0.11 -0.07027 -0.105697 -0.11 -0.0511515 -0.112958 -0.11 0.0825755 0.0925056 -0.11 0.0659018 0.105038 -0.11 0.0614702 0.108841 -0.11 0.0473634 0.114598 -0.11 0.0344595 0.120156 -0.11 0.0274848 0.120916 -0.11 0.00555737 0.124876 -0.11 0.0068286 0.123812 -0.11 -0.0140209 0.123205 -0.11 -0.0236497 0.122742 -0.11 -0.0344736 0.119112 -0.11 -0.5 0.075 -0.11 -0.513563 0.0727465 -0.11 -0.523176 0.0713292 -0.11 -0.528655 0.0682268 -0.11 -0.542448 0.0606146 -0.11 -0.542448 -0.0606146 -0.11 -0.528655 -0.0682268 -0.11 -0.523176 -0.0713292 -0.11 -0.513563 -0.0727465 -0.11 -0.5 -0.075 -0.11 -0.49997 -0.074 -0.11 -0.13195 -0.09599 -0.11 -0.0511515 0.112958 -0.11 -0.0775018 0.104553 -0.11 -0.0515588 0.113871 -0.11 -0.07027 0.105697 -0.11 -0.0906188 0.100292 -0.11 -0.10448 0.0988897 -0.11 -0.111421 0.0970441 -0.11 -0.13198 0.09699 -0.11 -0.13195 0.09599 -0.11 -0.49997 0.074 -0.11 -0.0231763 -0.0713292 0.09 -0.0440839 -0.0606763 0.09 -0.0606763 -0.0440839 0.09 -0.0713292 -0.0231763 0.09 -0.075 5.83694e-16 0.09 -0.0713292 0.0231763 0.09 -0.0606763 0.0440839 0.09 -0.0440839 0.0606763 0.09 -0.0231763 0.0713292 0.09 2.22045e-16 0.075 0.09 0.0231763 0.0713292 0.09 0.0440839 0.0606763 0.09 0.0606763 0.0440839 0.09 0.0713292 0.0231763 0.09 0.075 -3.78768e-16 0.09 0.0713292 -0.0231763 0.09 0.0606763 -0.0440839 0.09 0.0440839 -0.0606763 0.09 0.0231763 -0.0713292 0.09 -8.32667e-16 -0.075 0.09 -0.5 0.075 0.11 -0.5 0.075 0.09 -0.523176 0.0713292 0.09 -0.523176 0.0713292 0.11 -0.544084 0.0606763 0.09 -0.544084 0.0606763 0.11 -0.560676 0.0440839 0.09 -0.560676 0.0440839 0.11 -0.571329 0.0231763 0.09 -0.571329 0.0231763 0.11 -0.575 4.12513e-15 0.09 -0.575 4.13948e-15 0.11 -0.571329 -0.0231763 0.09 -0.571329 -0.0231763 0.11 -0.560676 -0.0440839 0.09 -0.560676 -0.0440839 0.11 -0.544084 -0.0606763 0.09 -0.544084 -0.0606763 0.11 -0.523176 -0.0713292 0.09 -0.523176 -0.0713292 0.11 -0.5 -0.075 0.09 -0.5 -0.075 0.11 -0.13198 -0.09699 0.11 -0.13198 -0.09699 0.09 -0.10448 -0.0988897 0.11 -0.10448 -0.0988897 0.09 -0.0775018 -0.104553 0.11 -0.0775018 -0.104553 0.09 -0.0515588 -0.113871 0.11 -0.0515588 -0.113871 0.09 -0.0236497 -0.122742 0.09 -0.0236497 -0.122742 0.11 0.00555737 -0.124876 0.09 0.00555737 -0.124876 0.11 0.0344595 -0.120156 0.09 0.0344595 -0.120156 0.11 0.0614702 -0.108841 0.09 0.0614702 -0.108841 0.11 0.085107 -0.0915522 0.09 0.085107 -0.0915522 0.11 0.104072 -0.0692381 0.09 0.104072 -0.0692381 0.11 0.117326 -0.0431238 0.09 0.117326 -0.0431238 0.11 0.124139 -0.0146425 0.09 0.124139 -0.0146425 0.11 0.124139 0.0146425 0.09 0.124139 0.0146425 0.11 0.117326 0.0431238 0.09 0.117326 0.0431238 0.11 0.104072 0.0692381 0.09 0.104072 0.0692381 0.11 0.085107 0.0915522 0.09 0.085107 0.0915522 0.11 0.0614702 0.108841 0.09 0.0614702 0.108841 0.11 0.0344595 0.120156 0.09 0.0344595 0.120156 0.11 0.00555737 0.124876 0.09 0.00555737 0.124876 0.11 -0.0236497 0.122742 0.09 -0.0236497 0.122742 0.11 -0.0515588 0.113871 0.09 -0.0515588 0.113871 0.11 -0.0775018 0.104553 0.11 -0.0775018 0.104553 0.09 -0.10448 0.0988897 0.11 -0.10448 0.0988897 0.09 -0.13198 0.09699 0.11 -0.13198 0.09699 0.09 -0.554318 -0.050255 0.11 -0.563725 -0.0376174 0.11 -0.563725 0.0376174 0.11 -0.554318 0.050255 0.11 -0.570244 -0.0232749 0.11 -0.57358 -0.0078773 0.11 -0.57358 0.0078773 0.11 -0.570244 0.0232749 0.11 -0.0344736 0.119112 0.11 -0.0140209 0.123205 0.11 0.0969126 0.0773559 0.11 0.108508 0.0600174 0.11 0.108508 -0.0600174 0.11 0.0969126 -0.0773559 0.11 0.0068286 0.123812 0.11 0.0274848 0.120916 0.11 0.0473634 0.114598 0.11 0.0659018 0.105038 0.11 0.0825755 0.0925056 0.11 0.117032 0.0409807 0.11 0.122246 0.0207844 0.11 0.124 -4.88786e-15 0.11 0.122246 -0.0207844 0.11 0.117032 -0.0409807 0.11 -0.111421 0.0970441 0.11 -0.0906188 0.100292 0.11 -0.07027 0.105697 0.11 -0.0511515 0.112958 0.11 0.0825755 -0.0925056 0.11 0.0659018 -0.105038 0.11 0.0473634 -0.114598 0.11 0.0274848 -0.120916 0.11 -0.542448 0.0606146 0.11 -0.528655 0.0682268 0.11 -0.513563 0.0727465 0.11 -0.49997 0.074 0.11 -0.13195 0.09599 0.11 0.0068286 -0.123812 0.11 -0.0140209 -0.123205 0.11 -0.0344736 -0.119112 0.11 -0.513563 -0.0727465 0.11 -0.528655 -0.0682268 0.11 -0.542448 -0.0606146 0.11 -0.0511515 -0.112958 0.11 -0.07027 -0.105697 0.11 -0.0906188 -0.100292 0.11 -0.111421 -0.0970441 0.11 -0.13195 -0.09599 0.11 -0.49997 -0.074 0.11 -0.21 -0.06 0.09 -0.33 -0.06 0.09 -0.533685 -0.0369504 0.09 -0.518062 -0.0466236 0.09 -0.466315 -0.0369504 0.09 -0.455242 -0.0222869 0.09 -0.450213 -0.00461342 0.09 -0.33 0.06 0.09 -0.451909 0.0136831 0.09 -0.460099 0.0301317 0.09 -0.473678 0.0425109 0.09 -0.5 -0.05 0.09 -0.481938 -0.0466236 0.09 -0.21 0.06 0.09 -0.544758 -0.0222869 0.09 -0.549787 -0.00461342 0.09 -0.548091 0.0136831 0.09 -0.539901 0.0301317 0.09 -0.526322 0.0425109 0.09 -0.509187 0.0491487 0.09 -0.5 0.05 0.09 -0.490813 0.0491487 0.09 -0.518408 0.0518281 0.129 -0.518408 0.0518281 0.13 -0.51008 0.0540684 0.129 -0.499449 0.0549972 0.13 -0.499449 0.0549972 0.129 -0.521298 0.0507091 0.129 -0.53155 0.0450514 0.129 -0.535118 0.0423285 0.13 -0.552209 0.0172989 0.129 -0.554154 0.00961092 0.13 -0.547539 0.0276589 0.13 -0.535118 0.0423285 0.129 -0.540371 0.0373517 0.129 -0.547363 0.0279589 0.129 -0.554688 -0.00585475 0.129 -0.554154 -0.00961092 0.13 -0.554688 0.00585475 0.129 -0.554154 0.00961092 0.129 -0.540371 -0.0373517 0.129 -0.535118 -0.0423285 0.13 -0.547539 -0.0276589 0.13 -0.554154 -0.00961092 0.129 -0.552209 -0.0172989 0.129 -0.547363 -0.0279589 0.129 -0.521298 -0.0507091 0.129 -0.518408 -0.0518281 0.13 -0.53155 -0.0450514 0.129 -0.535118 -0.0423285 0.129 -0.499449 -0.0549972 0.129 -0.499449 -0.0549972 0.13 -0.51008 -0.0540684 0.129 -0.518408 -0.0518281 0.129 -0.131369 -0.0769909 0.129 -0.131369 -0.0769909 0.13 -0.109478 -0.0781438 0.129 -0.101286 -0.0791417 0.13 -0.0867091 -0.0816982 0.129 -0.0717803 -0.0853866 0.13 -0.0434058 -0.0956083 0.129 -0.0434058 -0.0956083 0.13 -0.0644368 -0.087615 0.129 -0.0717803 -0.0853866 0.129 -0.016719 -0.10366 0.129 -0.016719 -0.10366 0.13 -0.0291913 -0.100861 0.129 -0.0118725 -0.104327 0.129 0.00578229 -0.104841 0.129 0.011146 -0.104407 0.13 0.0382255 -0.0977947 0.129 0.0382255 -0.0977947 0.13 0.0232735 -0.102388 0.129 0.011146 -0.104407 0.129 0.0401061 -0.0970387 0.129 0.0558039 -0.0889434 0.129 0.062611 -0.0842904 0.13 0.0820631 -0.065503 0.129 0.0825837 -0.0648454 0.13 0.0699228 -0.0783314 0.129 0.062611 -0.0842904 0.129 0.0825837 -0.0648454 0.129 0.0918815 -0.0508212 0.129 0.0967362 -0.0408303 0.13 0.103514 -0.0175997 0.129 0.104071 -0.0139375 0.13 0.0991 -0.0347014 0.129 0.0967362 -0.0408303 0.129 0.104071 -0.0139375 0.129 0.105 -4.11706e-15 0.129 0.104071 0.0139375 0.13 0.104071 0.0139375 0.129 0.103514 0.0175997 0.129 0.0991 0.0347014 0.129 0.0967362 0.0408303 0.13 0.0825837 0.0648454 0.129 0.0825837 0.0648454 0.13 0.0918815 0.0508212 0.129 0.0967362 0.0408303 0.129 0.0820631 0.065503 0.129 0.0699228 0.0783314 0.129 0.062611 0.0842904 0.13 0.0401061 0.0970387 0.129 0.0382255 0.0977947 0.13 0.0558039 0.0889434 0.129 0.062611 0.0842904 0.129 0.0382255 0.0977947 0.129 0.0232735 0.102388 0.129 0.011146 0.104407 0.13 -0.0118725 0.104327 0.129 -0.016719 0.10366 0.13 0.00578229 0.104841 0.129 0.011146 0.104407 0.129 -0.0434058 0.0956083 0.129 -0.0434058 0.0956083 0.13 -0.0291913 0.100861 0.129 -0.016719 0.10366 0.129 -0.0644368 0.087615 0.129 -0.0717803 0.0853866 0.13 -0.0867091 0.0816982 0.129 -0.101286 0.0791417 0.13 -0.131369 0.0769909 0.129 -0.131369 0.0769909 0.13 -0.109478 0.0781438 0.129 -0.101286 0.0791417 0.129 -0.430384 0.00689125 0.13 -0.0360755 0.0306369 0.13 -0.0238973 0.0209252 0.13 -0.0512614 0.034103 0.13 -0.0171389 0.00689125 0.13 -0.0171389 -0.00868522 0.13 -0.0238973 -0.0227191 0.13 -0.396261 0.034103 0.13 -0.411447 0.0306369 0.13 -0.423625 0.0209252 0.13 -0.0360755 -0.0324309 0.13 -0.423625 -0.0227191 0.13 -0.430384 -0.00868522 0.13 -0.0512614 -0.035897 0.13 -0.396261 -0.035897 0.13 -0.411447 -0.0324309 0.13 -0.0467013 0.102986 0.113452 -0.0451041 0.0994095 0.117131 -0.0307385 0.106206 0.115565 -0.0448536 0.0988485 0.117943 -0.0438427 0.0965861 0.122711 -0.0295934 0.10225 0.121729 -0.0437158 0.0963021 0.12368 -0.0510461 0.112722 0.110002 -0.0494521 0.109149 0.110464 -0.04905 0.108247 0.110714 -0.0324522 0.112127 0.111446 -0.0481888 0.106318 0.111446 -0.0470472 0.10376 0.112889 -0.0474049 -0.104562 0.112373 -0.0494521 -0.109149 0.110464 -0.0510461 -0.112722 0.110002 -0.0453721 -0.100009 0.116353 -0.0470472 -0.10376 0.112889 -0.0324522 -0.112127 0.111446 -0.0439907 -0.0969171 0.12176 -0.0451041 -0.0994095 0.117131 -0.0307385 -0.106206 0.115565 -0.0434169 -0.0956332 0.127982 -0.0438427 -0.0965861 0.122711 -0.0295934 -0.10225 0.121729 -0.012036 0.105764 0.121729 0.00586193 0.106285 0.121729 0.023594 0.103799 0.121729 0.0406585 0.0983753 0.121729 0.0565726 0.0901685 0.121729 0.0708859 0.0794103 0.121729 0.0831935 0.0664053 0.121729 0.0931471 0.0515212 0.121729 0.100465 0.0351794 0.121729 0.10494 0.0178421 0.121729 0.106446 -4.18094e-15 0.121729 0.10494 -0.0178421 0.121729 0.100465 -0.0351794 0.121729 0.0931471 -0.0515212 0.121729 0.0831935 -0.0664053 0.121729 0.0708859 -0.0794103 0.121729 0.0565726 -0.0901685 0.121729 0.0406585 -0.0983753 0.121729 0.023594 -0.103799 0.121729 0.00586193 -0.106285 0.121729 -0.012036 -0.105764 0.121729 -0.0125017 -0.109856 0.115565 0.00608874 -0.110397 0.115565 0.0245069 -0.107815 0.115565 0.0422317 -0.102182 0.115565 0.0587615 -0.0936573 0.115565 0.0736287 -0.0824829 0.115565 0.0864124 -0.0689746 0.115565 0.0967512 -0.0535147 0.115565 0.104352 -0.0365405 0.115565 0.109001 -0.0185325 0.115565 0.110565 -4.34596e-15 0.115565 0.109001 0.0185325 0.115565 0.104352 0.0365405 0.115565 0.0967512 0.0535147 0.115565 0.0864124 0.0689746 0.115565 0.0736287 0.0824829 0.115565 0.0587615 0.0936573 0.115565 0.0422317 0.102182 0.115565 0.0245069 0.107815 0.115565 0.00608874 0.110397 0.115565 -0.0125017 0.109856 0.115565 -0.0131987 -0.11598 0.111446 0.0064282 -0.116552 0.111446 0.0258732 -0.113825 0.111446 0.0445861 -0.107878 0.111446 0.0620375 -0.0988788 0.111446 0.0777335 -0.0870814 0.111446 0.09123 -0.07282 0.111446 0.102145 -0.0564982 0.111446 0.11017 -0.0385777 0.111446 0.115078 -0.0195657 0.111446 0.116729 -4.60013e-15 0.111446 0.115078 0.0195657 0.111446 0.11017 0.0385777 0.111446 0.102145 0.0564982 0.111446 0.09123 0.07282 0.111446 0.0777335 0.0870814 0.111446 0.0620375 0.0988788 0.111446 0.0445861 0.107878 0.111446 0.0258732 0.113825 0.111446 0.0064282 0.116552 0.111446 -0.0131987 0.11598 0.111446 -0.0648808 0.0889914 0.121729 -0.131619 0.085066 0.113455 -0.131498 0.0811511 0.117134 -0.110047 0.0836796 0.115565 -0.131479 0.0805378 0.117945 -0.131402 0.0780611 0.122713 -0.109626 0.0795825 0.121729 -0.131393 0.0777504 0.123681 -0.131824 0.0918116 0.110465 -0.131795 0.0908253 0.110715 -0.110678 0.0898113 0.111446 -0.131731 0.0887192 0.111446 -0.131645 0.0859129 0.112893 -0.131947 0.095877 0.11 -0.0680377 0.0987775 0.111446 -0.0661453 0.0929112 0.115565 -0.0891226 0.0931762 0.111446 -0.0878542 0.0871441 0.115565 -0.0870067 0.0831136 0.121729 -0.0680377 -0.0987775 0.111446 -0.0661453 -0.0929112 0.115565 -0.131402 -0.0780611 0.122713 -0.131413 -0.078423 0.121763 -0.109626 -0.0795825 0.121729 -0.131498 -0.0811511 0.117134 -0.131518 -0.0818068 0.116358 -0.110047 -0.0836796 0.115565 -0.131663 -0.0864902 0.112546 -0.131672 -0.0867898 0.112376 -0.110678 -0.0898113 0.111446 -0.131947 -0.095877 0.11 -0.131824 -0.0918116 0.110465 -0.131645 -0.0859129 0.112893 -0.131448 -0.0795362 0.1195 -0.13137 -0.0770181 0.127983 -0.0648808 -0.0889914 0.121729 -0.0891226 -0.0931762 0.111446 -0.0878542 -0.0871441 0.115565 -0.0870067 -0.0831136 0.121729 -0.49976 0.0667286 0.111446 -0.499682 0.0639197 0.112894 -0.499468 0.0557569 0.123682 -0.499476 0.0560676 0.122714 -0.499539 0.0585448 0.117946 -0.499555 0.0591576 0.117136 -0.499659 0.0630732 0.113456 -0.499967 0.0738875 0.11 -0.499848 0.0698196 0.110466 -0.49982 0.0688327 0.110716 -0.499967 -0.0738875 0.11 -0.499848 -0.0698196 0.110466 -0.499707 -0.0647971 0.112377 -0.499682 -0.0639197 0.112894 -0.499572 -0.0598132 0.11636 -0.499555 -0.0591576 0.117136 -0.499513 -0.0575435 0.1195 -0.499485 -0.0564293 0.121764 -0.499476 -0.0560676 0.122714 -0.49945 -0.0550245 0.127984 -0.51223 -0.0655987 0.111446 -0.5111 -0.0595391 0.115565 -0.510345 -0.0554902 0.121729 -0.51223 0.0655987 0.111446 -0.5111 0.0595391 0.115565 -0.510345 0.0554902 0.121729 -0.521858 -0.0520426 0.121729 -0.532379 -0.0462361 0.121729 -0.541433 -0.0383339 0.121729 -0.548609 -0.0286941 0.121729 -0.553582 -0.0177538 0.121729 -0.556126 -0.00600871 0.121729 -0.556126 0.00600871 0.121729 -0.553582 0.0177538 0.121729 -0.548609 0.0286941 0.121729 -0.541433 0.0383339 0.121729 -0.532379 0.0462361 0.121729 -0.521858 0.0520426 0.121729 -0.523452 0.0558399 0.115565 -0.534742 0.0496098 0.115565 -0.544456 0.0411309 0.115565 -0.552156 0.0307878 0.115565 -0.557491 0.0190492 0.115565 -0.560221 0.00644714 0.115565 -0.560221 -0.00644714 0.115565 -0.557491 -0.0190492 0.115565 -0.552156 -0.0307878 0.115565 -0.544456 -0.0411309 0.115565 -0.534742 -0.0496098 0.115565 -0.523452 -0.0558399 0.115565 -0.525839 0.0615231 0.111446 -0.538278 0.0546588 0.111446 -0.548981 0.0453171 0.111446 -0.557464 0.0339213 0.111446 -0.563342 0.0209879 0.111446 -0.56635 0.0071033 0.111446 -0.56635 -0.0071033 0.111446 -0.563342 -0.0209879 0.111446 -0.557464 -0.0339213 0.111446 -0.548981 -0.0453171 0.111446 -0.538278 -0.0546588 0.111446 -0.525839 -0.0615231 0.111446 -0.518408 -0.0518281 -0.129 -0.518408 -0.0518281 -0.13 -0.51008 -0.0540684 -0.129 -0.499449 -0.0549972 -0.13 -0.499449 -0.0549972 -0.129 -0.521298 -0.0507091 -0.129 -0.53155 -0.0450514 -0.129 -0.535118 -0.0423285 -0.13 -0.552209 -0.0172989 -0.129 -0.554154 -0.00961092 -0.13 -0.547539 -0.0276589 -0.13 -0.535118 -0.0423285 -0.129 -0.540371 -0.0373517 -0.129 -0.547363 -0.0279589 -0.129 -0.554688 0.00585475 -0.129 -0.554154 0.00961092 -0.13 -0.554688 -0.00585475 -0.129 -0.554154 -0.00961092 -0.129 -0.540371 0.0373517 -0.129 -0.535118 0.0423285 -0.13 -0.547539 0.0276589 -0.13 -0.554154 0.00961092 -0.129 -0.552209 0.0172989 -0.129 -0.547363 0.0279589 -0.129 -0.521298 0.0507091 -0.129 -0.518408 0.0518281 -0.13 -0.53155 0.0450514 -0.129 -0.535118 0.0423285 -0.129 -0.499449 0.0549972 -0.129 -0.499449 0.0549972 -0.13 -0.51008 0.0540684 -0.129 -0.518408 0.0518281 -0.129 -0.131369 0.0769909 -0.129 -0.131369 0.0769909 -0.13 -0.109478 0.0781438 -0.129 -0.101286 0.0791417 -0.13 -0.0867091 0.0816982 -0.129 -0.0717803 0.0853866 -0.13 -0.0434058 0.0956083 -0.129 -0.0434058 0.0956083 -0.13 -0.0644368 0.087615 -0.129 -0.0717803 0.0853866 -0.129 -0.016719 0.10366 -0.129 -0.016719 0.10366 -0.13 -0.0291913 0.100861 -0.129 -0.0118725 0.104327 -0.129 0.00578229 0.104841 -0.129 0.011146 0.104407 -0.13 0.0382255 0.0977947 -0.129 0.0382255 0.0977947 -0.13 0.0232735 0.102388 -0.129 0.011146 0.104407 -0.129 0.0401061 0.0970387 -0.129 0.0558039 0.0889434 -0.129 0.062611 0.0842904 -0.13 0.0820631 0.065503 -0.129 0.0825837 0.0648454 -0.13 0.0699228 0.0783314 -0.129 0.062611 0.0842904 -0.129 0.0825837 0.0648454 -0.129 0.0918815 0.0508212 -0.129 0.0967362 0.0408303 -0.13 0.103514 0.0175997 -0.129 0.104071 0.0139375 -0.13 0.0991 0.0347014 -0.129 0.0967362 0.0408303 -0.129 0.104071 0.0139375 -0.129 0.105 -4.19805e-15 -0.129 0.104071 -0.0139375 -0.13 0.104071 -0.0139375 -0.129 0.103514 -0.0175997 -0.129 0.0991 -0.0347014 -0.129 0.0967362 -0.0408303 -0.13 0.0825837 -0.0648454 -0.129 0.0825837 -0.0648454 -0.13 0.0918815 -0.0508212 -0.129 0.0967362 -0.0408303 -0.129 0.0820631 -0.065503 -0.129 0.0699228 -0.0783314 -0.129 0.062611 -0.0842904 -0.13 0.0401061 -0.0970387 -0.129 0.0382255 -0.0977947 -0.13 0.0558039 -0.0889434 -0.129 0.062611 -0.0842904 -0.129 0.0382255 -0.0977947 -0.129 0.0232735 -0.102388 -0.129 0.011146 -0.104407 -0.13 -0.0118725 -0.104327 -0.129 -0.016719 -0.10366 -0.13 0.00578229 -0.104841 -0.129 0.011146 -0.104407 -0.129 -0.0434058 -0.0956083 -0.129 -0.0434058 -0.0956083 -0.13 -0.0291913 -0.100861 -0.129 -0.016719 -0.10366 -0.129 -0.0644368 -0.087615 -0.129 -0.0717803 -0.0853866 -0.13 -0.0867091 -0.0816982 -0.129 -0.101286 -0.0791417 -0.13 -0.131369 -0.0769909 -0.129 -0.131369 -0.0769909 -0.13 -0.109478 -0.0781438 -0.129 -0.101286 -0.0791417 -0.129 -0.0467013 -0.102986 -0.113452 -0.0451041 -0.0994095 -0.117131 -0.0307385 -0.106206 -0.115565 -0.0448536 -0.0988485 -0.117943 -0.0438427 -0.0965861 -0.122711 -0.0295934 -0.10225 -0.121729 -0.0437158 -0.0963021 -0.12368 -0.0474049 0.104562 -0.112373 -0.0494521 0.109149 -0.110464 -0.0510461 0.112722 -0.110002 -0.0453721 0.100009 -0.116353 -0.0470472 0.10376 -0.112889 -0.0324522 0.112127 -0.111446 -0.0439907 0.0969171 -0.12176 -0.0451041 0.0994095 -0.117131 -0.0307385 0.106206 -0.115565 -0.0434169 0.0956332 -0.127982 -0.0438427 0.0965861 -0.122711 -0.0295934 0.10225 -0.121729 -0.0510461 -0.112722 -0.110002 -0.0494521 -0.109149 -0.110464 -0.04905 -0.108247 -0.110714 -0.0324522 -0.112127 -0.111446 -0.0481888 -0.106318 -0.111446 -0.0470472 -0.10376 -0.112889 -0.012036 -0.105764 -0.121729 0.00586193 -0.106285 -0.121729 0.023594 -0.103799 -0.121729 0.0406585 -0.0983753 -0.121729 0.0565726 -0.0901685 -0.121729 0.0708859 -0.0794103 -0.121729 0.0831935 -0.0664053 -0.121729 0.0931471 -0.0515212 -0.121729 0.100465 -0.0351794 -0.121729 0.10494 -0.0178421 -0.121729 0.106446 -4.24457e-15 -0.121729 0.10494 0.0178421 -0.121729 0.100465 0.0351794 -0.121729 0.0931471 0.0515212 -0.121729 0.0831935 0.0664053 -0.121729 0.0708859 0.0794103 -0.121729 0.0565726 0.0901685 -0.121729 0.0406585 0.0983753 -0.121729 0.023594 0.103799 -0.121729 0.00586193 0.106285 -0.121729 -0.012036 0.105764 -0.121729 -0.0125017 0.109856 -0.115565 0.00608874 0.110397 -0.115565 0.0245069 0.107815 -0.115565 0.0422317 0.102182 -0.115565 0.0587615 0.0936573 -0.115565 0.0736287 0.0824829 -0.115565 0.0864124 0.0689746 -0.115565 0.0967512 0.0535147 -0.115565 0.104352 0.0365405 -0.115565 0.109001 0.0185325 -0.115565 0.110565 -4.40075e-15 -0.115565 0.109001 -0.0185325 -0.115565 0.104352 -0.0365405 -0.115565 0.0967512 -0.0535147 -0.115565 0.0864124 -0.0689746 -0.115565 0.0736287 -0.0824829 -0.115565 0.0587615 -0.0936573 -0.115565 0.0422317 -0.102182 -0.115565 0.0245069 -0.107815 -0.115565 0.00608874 -0.110397 -0.115565 -0.0125017 -0.109856 -0.115565 -0.0131987 0.11598 -0.111446 0.0064282 0.116552 -0.111446 0.0258732 0.113825 -0.111446 0.0445861 0.107878 -0.111446 0.0620375 0.0988788 -0.111446 0.0777335 0.0870814 -0.111446 0.09123 0.07282 -0.111446 0.102145 0.0564982 -0.111446 0.11017 0.0385777 -0.111446 0.115078 0.0195657 -0.111446 0.116729 -4.649e-15 -0.111446 0.115078 -0.0195657 -0.111446 0.11017 -0.0385777 -0.111446 0.102145 -0.0564982 -0.111446 0.09123 -0.07282 -0.111446 0.0777335 -0.0870814 -0.111446 0.0620375 -0.0988788 -0.111446 0.0445861 -0.107878 -0.111446 0.0258732 -0.113825 -0.111446 0.0064282 -0.116552 -0.111446 -0.0131987 -0.11598 -0.111446 -0.0680377 0.0987775 -0.111446 -0.0661453 0.0929112 -0.115565 -0.131402 0.0780611 -0.122713 -0.131413 0.078423 -0.121763 -0.109626 0.0795825 -0.121729 -0.131498 0.0811511 -0.117134 -0.131518 0.0818068 -0.116358 -0.110047 0.0836796 -0.115565 -0.131663 0.0864902 -0.112546 -0.131672 0.0867898 -0.112376 -0.110678 0.0898113 -0.111446 -0.131947 0.095877 -0.11 -0.131824 0.0918116 -0.110465 -0.131645 0.0859129 -0.112893 -0.131448 0.0795362 -0.1195 -0.13137 0.0770181 -0.127983 -0.0648808 0.0889914 -0.121729 -0.0891226 0.0931762 -0.111446 -0.0878542 0.0871441 -0.115565 -0.0870067 0.0831136 -0.121729 -0.0648808 -0.0889914 -0.121729 -0.131448 -0.0795362 -0.1195 -0.131402 -0.0780611 -0.122713 -0.109626 -0.0795825 -0.121729 -0.131393 -0.0777504 -0.123681 -0.131619 -0.085066 -0.113455 -0.131498 -0.0811511 -0.117134 -0.110047 -0.0836796 -0.115565 -0.131479 -0.0805378 -0.117945 -0.131947 -0.095877 -0.11 -0.131824 -0.0918116 -0.110465 -0.131795 -0.0908253 -0.110715 -0.110678 -0.0898113 -0.111446 -0.131663 -0.0864903 -0.112546 -0.131645 -0.0859129 -0.112893 -0.0680377 -0.0987775 -0.111446 -0.0661453 -0.0929112 -0.115565 -0.0891226 -0.0931762 -0.111446 -0.0878542 -0.0871441 -0.115565 -0.0870067 -0.0831136 -0.121729 -0.499967 0.0738875 -0.11 -0.499848 0.0698196 -0.110466 -0.499707 0.0647971 -0.112377 -0.499682 0.0639197 -0.112894 -0.499572 0.0598132 -0.11636 -0.499555 0.0591576 -0.117136 -0.499513 0.0575435 -0.1195 -0.499485 0.0564293 -0.121764 -0.499476 0.0560676 -0.122714 -0.49945 0.0550245 -0.127984 -0.499468 -0.0557569 -0.123682 -0.499476 -0.0560676 -0.122714 -0.499513 -0.0575435 -0.1195 -0.499555 -0.0591576 -0.117136 -0.499539 -0.0585448 -0.117946 -0.499698 -0.0644993 -0.112546 -0.499682 -0.0639197 -0.112894 -0.499659 -0.0630732 -0.113456 -0.49982 -0.0688327 -0.110716 -0.499848 -0.0698196 -0.110466 -0.499967 -0.0738875 -0.11 -0.49976 -0.0667286 -0.111446 -0.51223 0.0655987 -0.111446 -0.5111 0.0595391 -0.115565 -0.510345 0.0554902 -0.121729 -0.510345 -0.0554902 -0.121729 -0.51223 -0.0655987 -0.111446 -0.5111 -0.0595391 -0.115565 -0.521858 0.0520426 -0.121729 -0.532379 0.0462361 -0.121729 -0.541433 0.0383339 -0.121729 -0.548609 0.0286941 -0.121729 -0.553582 0.0177538 -0.121729 -0.556126 0.00600871 -0.121729 -0.556126 -0.00600871 -0.121729 -0.553582 -0.0177538 -0.121729 -0.548609 -0.0286941 -0.121729 -0.541433 -0.0383339 -0.121729 -0.532379 -0.0462361 -0.121729 -0.521858 -0.0520426 -0.121729 -0.523452 -0.0558399 -0.115565 -0.534742 -0.0496098 -0.115565 -0.544456 -0.0411309 -0.115565 -0.552156 -0.0307878 -0.115565 -0.557491 -0.0190492 -0.115565 -0.560221 -0.00644714 -0.115565 -0.560221 0.00644714 -0.115565 -0.557491 0.0190492 -0.115565 -0.552156 0.0307878 -0.115565 -0.544456 0.0411309 -0.115565 -0.534742 0.0496098 -0.115565 -0.523452 0.0558399 -0.115565 -0.525839 -0.0615231 -0.111446 -0.538278 -0.0546588 -0.111446 -0.548981 -0.0453171 -0.111446 -0.557464 -0.0339213 -0.111446 -0.563342 -0.0209879 -0.111446 -0.56635 -0.0071033 -0.111446 -0.56635 0.0071033 -0.111446 -0.563342 0.0209879 -0.111446 -0.557464 0.0339213 -0.111446 -0.548981 0.0453171 -0.111446 -0.538278 0.0546588 -0.111446 -0.525839 0.0615231 -0.111446 -0.21 -0.06 -0.08 -0.33 -0.06 -0.08 -0.21 0.06 -0.08 -0.33 0.06 -0.08 -0.307321 0.03 -0.08 -0.3 0.0373205 -0.08 -0.29 0.04 -0.08 -0.25 0.04 -0.08 -0.24 0.0373205 -0.08 -0.232679 0.03 -0.08 -0.23 0.02 -0.08 -0.23 -0.02 -0.08 -0.232679 -0.03 -0.08 -0.24 -0.0373205 -0.08 -0.25 -0.04 -0.08 -0.29 -0.04 -0.08 -0.3 -0.0373205 -0.08 -0.307321 -0.03 -0.08 -0.31 -0.02 -0.08 -0.31 0.02 -0.08 -0.33 -0.06 0.08 -0.21 -0.06 0.08 -0.33 0.06 0.08 -0.21 0.06 0.08 -0.3 0.0373205 0.08 -0.307321 0.03 0.08 -0.31 0.02 0.08 -0.31 -0.02 0.08 -0.307321 -0.03 0.08 -0.3 -0.0373205 0.08 -0.29 -0.04 0.08 -0.25 -0.04 0.08 -0.24 -0.0373205 0.08 -0.232679 0.03 0.08 -0.24 0.0373205 0.08 -0.25 0.04 0.08 -0.29 0.04 0.08 -0.232679 -0.03 0.08 -0.23 -0.02 0.08 -0.23 0.02 0.08 -0.142212 0.021689 0.128 -0.130545 0.021689 0.128 -0.142212 -0.00143143 0.128 -0.152678 0.021689 0.128 -0.163144 -0.00143143 0.128 -0.163144 0.021689 0.128 -0.174811 0.021689 0.128 -0.174811 -0.0245518 0.128 -0.163144 -0.0245518 0.128 -0.152678 -0.00143143 0.128 -0.142212 -0.0245518 0.128 -0.130545 -0.0245518 0.128 -0.199924 0.021689 0.128 -0.187853 0.021689 0.128 -0.199924 -0.0245518 0.128 -0.187853 -0.0245518 0.128 -0.22318 0.021689 0.128 -0.211628 0.021689 0.128 -0.22318 0.0052964 0.128 -0.234793 0.0204824 0.128 -0.247139 0.0204824 0.128 -0.230381 -0.00143143 0.128 -0.247139 -0.0233453 0.128 -0.234793 -0.0233453 0.128 -0.22318 -0.00815926 0.128 -0.22318 -0.0245518 0.128 -0.211628 -0.0245518 0.128 -0.289974 0.021689 0.128 -0.262506 0.021689 0.128 -0.289974 0.011689 0.128 -0.271357 0.011689 0.128 -0.271357 0.00347626 0.128 -0.280666 0.00347626 0.128 -0.280666 -0.00416783 0.128 -0.271357 -0.00416783 0.128 -0.271357 -0.0132022 0.128 -0.289974 -0.0132022 0.128 -0.289974 -0.0238043 0.128 -0.262506 -0.0238043 0.128</float_array>
                    <technique_common>
                        <accessor count="1059" source="#shape0-lib-positions-array" stride="3">
                            <param name="X" type="float"/>
                            <param name="Y" type="float"/>
                            <param name="Z" type="float"/>
                        </accessor>
                    </technique_common>
                </source>
                <source id="shape0-lib-normals" name="normal">
                    <float_array id="shape0-lib-normals-array" count="6366">0 0 1 0 0 1 0 0 1 0 0 1 0 0 1 0 0 1 0 0 1 0 0 1 0 0 1 0 0 1 0 0 1 0 0 1 0 0 1 0 0 1 0 0 1 0 0 1 0 0 1 0 0 1 0 0 1 0 0 1 0 0 1 0 0 1 0 0 1 0 0 1 0 0 1 0 0 1 0 0 1 0 0 1 0 0 1 0 0 1 0 0 1 0 0 1 0 0 1 0 0 1 0 0 1 0 0 1 0 0 1 0 0 1 0 0 1 0 0 1 0 0 1 0 0 1 0 0 1 0 0 1 0 0 1 0 0 1 0 0 1 0 0 1 0 0 1 0 0 1 0 0 1 0 0 1 0 0 1 0 0 1 0 0 1 0 0 1 0 0 1 0 0 1 0 0 1 0 0 1 0 0 1 0 0 1 0 0 1 0 0 1 0 0 1 0 0 1 0 0 1 0 0 1 0 0 1 0 0 1 0 0 1 0 0 1 0 0 1 0 0 1 0 0 1 0 0 1 0 0 1 0 0 1 0 0 1 0 0 1 0 0 1 0 0 1 0 0 1 0 0 1 0 0 1 0 0 1 0 0 1 0 0 1 0 0 1 0 0 1 0 0 1 0 0 1 0 0 1 0 0 1 0 0 1 0 0 1 0 0 1 0 0 1 0 0 1 0 0 1 0 0 1 0 0 1 0 0 1 0 0 1 0 0 1 0 0 1 0 0 1 0 0 1 0 0 1 0 0 1 0 0 1 0 0 1 0 0 1 0 0 1 0 0 1 0 0 1 0 0 1 0 0 1 0 0 1 0 0 1 0 0 1 0 0 1 0 0 1 0 0 1 0 0 1 0 0 1 0 0 1 0 0 1 0 0 1 0 0 1 0 0 1 0 0 1 0 0 1 0 0 1 0 0 1 0 0 1 0 0 1 0 0 1 0 0 1 0 0 1 0 0 1 0 0 1 0 0 -1 0 0 -1 0 0 -1 0 0 -1 0 0 -1 0 0 -1 0 0 -1 0 0 -1 0 0 -1 0 0 -1 0 0 -1 0 0 -1 0 0 -1 0 0 -1 0 0 -1 0 0 -1 0 0 -1 0 0 -1 0 0 -1 0 0 -1 0 0 -1 0 0 -1 0 0 -1 0 0 -1 0 0 -1 0 0 -1 0 0 -1 0 0 -1 0 0 -1 0 0 -1 0 0 -1 0 0 -1 0 0 -1 0 0 -1 0 0 -1 0 0 -1 0 0 -1 0 0 -1 0 0 -1 0 0 -1 0 0 -1 0 0 -1 0 0 -1 0 0 -1 0 0 -1 0 0 -1 0 0 -1 0 0 -1 0 0 -1 0 0 -1 0 0 -1 0 0 -1 0 0 -1 0 0 -1 0 0 -1 0 0 -1 0 0 -1 0 0 -1 0 0 -1 0 0 -1 0 0 -1 0 0 -1 0 0 -1 0 0 -1 0 0 -1 0 0 -1 0 0 -1 0 0 -1 0 0 -1 0 0 -1 0 0 -1 0 0 -1 0 0 -1 0 0 -1 0 0 -1 0 0 -1 0 0 -1 0 0 -1 0 0 -1 0 0 -1 0 0 -1 0 0 -1 0 0 -1 0 0 -1 -0.156435 -0.987688 0 -0.45399 -0.891007 0 -0.45399 -0.891007 0 -0.707107 -0.707107 0 -0.707107 -0.707107 0 -0.891007 -0.45399 0 -0.891007 -0.45399 0 -0.987688 -0.156435 0 -0.987688 -0.156435 0 -0.987688 0.156435 -1.12222e-16 -0.987688 0.156435 0 -0.891007 0.45399 0 -0.891007 0.45399 0 -0.707107 0.707107 0 -0.707107 0.707107 0 -0.45399 0.891007 0 -0.45399 0.891007 0 -0.156435 0.987688 0 -0.156435 0.987688 0 0.156435 0.987688 4.82437e-16 0.156435 0.987688 0 0.45399 0.891007 0 0.45399 0.891007 0 0.707107 0.707107 0 0.707107 0.707107 0 0.891007 0.45399 0 0.891007 0.45399 0 0.987688 0.156435 0 0.987688 0.156435 0 0.987688 -0.156435 1.12222e-16 0.987688 -0.156435 0 0.891007 -0.45399 0 0.891007 -0.45399 0 0.707107 -0.707107 0 0.707107 -0.707107 0 0.45399 -0.891007 0 0.45399 -0.891007 0 0.156435 -0.987688 0 0.156435 -0.987688 0 -0.156435 -0.987688 -5.30681e-16 -0.156435 0.987688 0 -0.156435 0.987688 0 -0.45399 0.891007 0 -0.45399 0.891007 0 -0.707107 0.707107 0 -0.707107 0.707107 0 -0.891007 0.45399 0 -0.891007 0.45399 0 -0.987688 0.156434 0 -0.987688 0.156434 0 -0.987688 -0.156434 1.12222e-16 -0.987688 -0.156434 0 -0.891007 -0.45399 0 -0.891007 -0.45399 0 -0.707107 -0.707107 0 -0.707107 -0.707107 0 -0.45399 -0.891007 0 -0.45399 -0.891007 0 -0.156435 -0.987688 0 -0.156435 -0.987688 0 -0.0596458 -0.99822 0 -0.0596458 -0.99822 0 -0.0689148 -0.997623 0 -0.0689148 -0.997623 0 -0.205435 -0.978671 0 -0.205435 -0.978671 0 -0.338052 -0.941127 0 -0.338052 -0.941127 0 -0.30292 -0.953016 0 -0.30292 -0.953016 0 -0.0728713 -0.997341 0 -0.0728713 -0.997341 0 0.161177 -0.986926 0 0.161177 -0.986926 0 0.386379 -0.92234 0 0.386379 -0.92234 0 0.590373 -0.807131 0 0.590373 -0.807131 0 0.761963 -0.64762 0 0.761963 -0.64762 0 0.891732 -0.452563 0 0.891732 -0.452563 0 0.972557 -0.232667 0 0.972557 -0.232667 0 1 0 0 1 0 0 0.972557 0.232667 0 0.972557 0.232667 0 0.891732 0.452563 0 0.891732 0.452563 0 0.761963 0.64762 0 0.761963 0.64762 0 0.590373 0.807131 0 0.590373 0.807131 0 0.386379 0.92234 0 0.386379 0.92234 0 0.161177 0.986926 0 0.161177 0.986926 0 -0.0728713 0.997341 0 -0.0728713 0.997341 0 -0.30292 0.953016 0 -0.30292 0.953016 0 -0.338052 0.941127 0 -0.338052 0.941127 0 -0.205435 0.978671 0 -0.205435 0.978671 0 -0.0689148 0.997623 0 -0.0689148 0.997623 0 -0.0596458 0.99822 0 -0.0596458 0.99822 0 0 0 1 0 0 1 0 0 1 0 0 1 0 0 1 0 0 1 0 0 1 0 0 1 0 0 1 0 0 1 0 0 1 0 0 1 0 0 1 0 0 1 0 0 1 0 0 1 0 0 1 0 0 1 0 0 1 0 0 1 0 0 1 0 0 1 0 0 1 0 0 1 0 0 1 0 0 1 0 0 1 0 0 1 0 0 1 0 0 1 0 0 1 0 0 1 0 0 1 0 0 1 0 0 1 0 0 1 0 0 1 0 0 1 0 0 1 0 0 1 0 0 1 0 0 1 0 0 1 0 0 1 0 0 1 0 0 1 0 0 1 0 0 1 0 0 1 0 0 1 0 0 1 0 0 1 0 0 1 0 0 1 0 0 1 0 0 1 0 0 1 0 0 1 0 0 1 0 0 1 0 0 1 0 0 1 0 0 1 0 0 1 0 0 1 0 0 1 0 0 1 0 0 1 0 0 1 0 0 1 0 0 1 0 0 1 0 0 1 0 0 1 0 0 1 0 0 1 0 0 1 0 0 1 0 0 1 0 0 1 0 0 1 0 0 1 0 0 1 0 0 1 0 0 -1 0 0 -1 0 0 -1 0 0 -1 0 0 -1 0 0 -1 0 0 -1 0 0 -1 0 0 -1 0 0 -1 0 0 -1 0 0 -1 0 0 -1 0 0 -1 0 0 -1 0 0 -1 0 0 -1 0 0 -1 0 0 -1 0 0 -1 0 0 -1 0 0 -1 0 0 -1 0 0 -1 0 0 -1 0 0 -1 0 0 -1 0 0 -1 0 0 -1 0 0 -1 0 0 -1 0 0 -1 0 0 -1 0 0 -1 0 0 -1 0 0 -1 0 0 -1 0 0 -1 0 0 -1 0 0 -1 0 0 -1 0 0 -1 0 0 -1 0 0 -1 0 0 -1 0 0 -1 0 0 -1 0 0 -1 0 0 -1 0 0 -1 0 0 -1 0 0 -1 0 0 -1 0 0 -1 0 0 -1 0 0 -1 0 0 -1 0 0 -1 0 0 -1 0 0 -1 0 0 -1 0 0 -1 0 0 -1 0 0 -1 0 0 -1 0 0 -1 0 0 -1 0 0 -1 0 0 -1 0 0 -1 0 0 -1 0 0 -1 0 0 -1 0 0 -1 0 0 -1 0 0 -1 0 0 -1 0 0 -1 0 0 -1 0 0 -1 0 0 -1 -0.0922685 0.995734 0 0.0922681 0.995734 0 0.0922681 0.995734 0 0.361242 0.932472 0 0.361242 0.932472 0 0.673696 0.739009 0 0.673696 0.739009 0 0.895163 0.445738 0 0.895163 0.445738 0 0.995734 0.0922682 0 0.995734 0.0922682 0 0.961826 -0.273663 0 0.961826 -0.273663 0 0.798017 -0.602635 0 0.798017 -0.602635 0 0.526432 -0.850217 0 0.526432 -0.850217 0 0.18375 -0.982973 0 0.18375 -0.982973 0 -0.18375 -0.982973 0 -0.18375 -0.982973 0 -0.526431 -0.850218 0 -0.526431 -0.850218 0 -0.798018 -0.602634 0 -0.798018 -0.602634 0 -0.961826 -0.273663 0 -0.961826 -0.273663 0 -0.995734 0.0922666 0 -0.995734 0.0922666 0 -0.895163 0.44574 0 -0.895163 0.44574 0 -0.673696 0.739009 0 -0.673696 0.739009 0 -0.361242 0.932472 0 -0.361242 0.932472 0 -0.0922685 0.995734 0 -0.259784 0.965667 0 -0.126455 0.756479 0.641677 -0.0870416 0.996205 0 -0.361099 0.932527 0 -0.446028 0.808215 0.38451 -0.423143 0.744338 0.516634 -0.72631 0.266185 0.633734 -0.606578 0.795024 0 -0.687762 0.725936 0 -0.597969 0.50631 0.621356 -0.801567 0.596693 0.0380462 -0.909785 0.413521 -0.0359489 -0.882197 0 0.47088 -0.882197 0 0.47088 -0.990054 0.140689 0 -0.969455 0.245268 0 -0.597969 -0.50631 0.621356 -0.990054 -0.140689 0 -0.969455 -0.245268 0 -0.72631 -0.266185 0.633734 -0.909785 -0.413521 -0.0359489 -0.801567 -0.596693 0.0380462 -0.446028 -0.808215 0.38451 -0.423143 -0.744338 0.516634 -0.606578 -0.795024 0 -0.687762 -0.725936 0 -0.0870416 -0.996205 0 -0.126455 -0.756479 0.641677 -0.259784 -0.965667 0 -0.361099 -0.932527 0 -0.0596458 -0.99822 0 -0.0596458 -0.99822 0 -0.0525948 -0.998616 0 -0.0659583 -0.922523 -0.380263 -0.148622 -0.952038 0.267462 -0.183918 -0.868972 -0.459414 -0.355277 -0.934761 0 -0.315499 -0.8758 -0.365287 -0.29037 -0.956915 0 -0.239852 -0.970809 0 -0.219027 -0.975719 0 -0.212329 -0.703713 0.678015 -0.346604 -0.938011 0 -0.136187 -0.990683 0 -0.0257697 -0.885056 0.46477 -0.0231877 -0.865701 0.500024 0.293668 -0.955908 0 0.174936 -0.71645 0.675349 0.164184 -0.98643 0 0.0806374 -0.996744 0 0.373023 -0.927822 0 0.450286 -0.873163 0.186626 0.383342 -0.692218 0.61146 0.724342 -0.685493 0.0736728 0.536545 -0.551109 0.639061 0.631751 -0.775172 0 0.564315 -0.825559 0 0.784035 -0.620717 0 0.833467 -0.55257 0 0.643551 -0.379253 0.664838 0.906132 -0.233901 0.352442 0.802286 -0.218814 0.555389 0.93301 -0.359851 0 0.899438 -0.437048 0 0.988656 -0.150199 0 0.997785 -0.0665164 0 0.732589 0 0.680671 0.997785 0.0665164 0 0.988656 0.150199 0 0.906132 0.233901 0.352442 0.802286 0.218814 0.555389 0.833467 0.55257 0 0.643551 0.379253 0.664838 0.899438 0.437048 0 0.93301 0.359851 0 0.784035 0.620717 0 0.724342 0.685493 0.0736728 0.536545 0.551109 0.63906 0.450286 0.873163 0.186626 0.383342 0.692218 0.61146 0.564315 0.825559 0 0.631751 0.775172 0 0.373023 0.927822 0 0.293668 0.955908 0 0.174936 0.71645 0.675349 -0.0257697 0.885056 0.46477 -0.0231877 0.865701 0.500024 0.0806374 0.996744 0 0.164184 0.98643 0 -0.346604 0.938011 0 -0.212329 0.703713 0.678015 -0.219027 0.975719 0 -0.136187 0.990683 0 -0.355277 0.934761 0 -0.315499 0.8758 -0.365287 -0.247984 0.933486 0.259054 -0.183918 0.868972 -0.459414 -0.0525948 0.998616 0 -0.0659583 0.922523 -0.380263 -0.120921 0.992662 0 -0.172745 0.984967 0 -0.0596458 0.99822 0 -0.0596458 0.99822 0 0 0 1 0 0 1 0 0 1 0 0 1 0 0 1 0 0 1 0 0 1 0 0 1 0 0 1 0 0 1 0 0 1 0 0 1 0 0 1 0 0 1 0 0 1 0 0 1 0 0 1 0 0 1 0 0 1 0 0 1 0 0 1 0 0 1 0 0 1 0 0 1 0 0 1 0 0 1 0 0 1 0 0 1 0 0 1 0 0 1 0 0 1 0 0 1 0 0 1 0 0 1 0 0 1 0 0 1 0 0 1 0 0 1 0 0 1 0 0 1 0 0 1 0 0 1 0 0 1 0 0 1 0 0 1 0 0 1 0 0 1 0 0 1 -0.226931 0.647306 0.727665 -0.300389 0.835507 0.460102 -0.343136 0.928625 0.141112 -0.0023588 0.00639306 0.999977 -0.0956769 0.226229 0.969364 -0.11369 0.307969 0.944579 -0.158872 0.430361 0.888566 -0.177131 -0.309766 0.934168 -0.0421285 -0.10954 0.993089 -0.0023588 -0.00639306 0.999977 -0.262077 -0.588991 0.764464 -0.322596 -0.798833 0.507738 -0.350784 -0.91615 0.193956 -0.333534 0.892015 0.305064 -0.357823 0.91335 0.194302 -0.192493 0.961845 0.194426 -0.216876 0.966139 0.13979 -0.133572 0.971657 0.19504 -0.0285486 0.980502 0.194426 -0.0285488 0.980502 0.194425 0.0790889 0.977604 0.195029 0.137217 0.978645 0.153054 0.16104 0.967539 0.194769 0.297101 0.934842 0.194425 0.289292 0.941663 0.17199 0.365856 0.909996 0.195082 0.449592 0.871818 0.194425 0.449592 0.871817 0.194425 0.553489 0.80972 0.194946 0.594416 0.790848 0.1457 0.619636 0.760306 0.194901 0.712456 0.674245 0.194425 0.712456 0.674244 0.194426 0.76897 0.60879 0.19509 0.816798 0.546227 0.185679 0.817552 0.542018 0.194487 0.895253 0.4009 0.194426 0.892861 0.433852 0.120713 0.915099 0.352943 0.194999 0.949785 0.245169 0.194425 0.949785 0.245169 0.194425 0.969665 0.147314 0.195061 0.98327 0.082993 0.162147 0.978696 0.0652438 0.194675 0.977442 -0.082501 0.194426 0.986006 -0.0657312 0.153204 0.969665 -0.147314 0.195061 0.949785 -0.245169 0.194425 0.949785 -0.245169 0.194425 0.915099 -0.352943 0.194999 0.902516 -0.404152 0.148747 0.882203 -0.428673 0.194828 0.815391 -0.545286 0.194426 0.819052 -0.543013 0.185178 0.76897 -0.60879 0.19509 0.712456 -0.674244 0.194426 0.712456 -0.674244 0.194425 0.589362 -0.784124 0.194425 0.628489 -0.771169 0.101494 0.553489 -0.80972 0.194946 0.449592 -0.871818 0.194425 0.449592 -0.871818 0.194425 0.365856 -0.909996 0.195082 0.298222 -0.93837 0.174715 0.288056 -0.937639 0.194569 0.136203 -0.971415 0.194425 0.162698 -0.977501 0.134241 0.0790889 -0.977604 0.195029 -0.0285486 -0.980502 0.194425 -0.34648 -0.937676 0.0267321 -0.350561 -0.916135 0.194433 -0.214833 -0.957038 0.194743 -0.193855 -0.968653 0.155344 -0.133572 -0.971657 0.19504 -0.0285488 -0.980502 0.194426 -0.323985 -0.876734 0.355487 -0.287991 -0.780704 0.554583 -0.163344 -0.816195 0.554207 -0.163344 -0.816194 0.554207 -0.0242256 -0.832026 0.554207 -0.0242255 -0.832026 0.554207 0.115578 -0.824316 0.554207 0.115578 -0.824315 0.554207 0.252111 -0.793281 0.554207 0.252111 -0.793281 0.554207 0.381511 -0.7398 0.554207 0.381511 -0.7398 0.554207 0.500116 -0.665386 0.554207 0.500116 -0.665386 0.554207 0.60457 -0.572145 0.554207 0.60457 -0.572145 0.554207 0.691918 -0.462715 0.554207 0.691917 -0.462715 0.554208 0.759686 -0.340192 0.554208 0.759687 -0.340192 0.554207 0.805961 -0.208043 0.554207 0.805961 -0.208043 0.554207 0.82943 -0.070008 0.554207 0.82943 -0.0700081 0.554207 0.82943 0.070008 0.554207 0.82943 0.0700081 0.554207 0.805961 0.208043 0.554207 0.805961 0.208043 0.554207 0.759687 0.340192 0.554207 0.759686 0.340192 0.554208 0.691917 0.462714 0.554208 0.691917 0.462715 0.554207 0.60457 0.572145 0.554207 0.60457 0.572145 0.554207 0.500116 0.665386 0.554207 0.500116 0.665386 0.554207 0.381511 0.7398 0.554207 0.381511 0.7398 0.554207 0.252111 0.793281 0.554207 0.252111 0.793281 0.554207 0.115578 0.824315 0.554207 0.115578 0.824316 0.554207 -0.0242256 0.832026 0.554207 -0.0242255 0.832026 0.554207 -0.163344 0.816194 0.554207 -0.163344 0.816195 0.554207 -0.309677 0.773011 0.553673 -0.286506 0.744506 0.603013 -0.268382 -0.715796 0.644676 -0.178219 -0.526613 0.831214 -0.109291 -0.546105 0.830557 -0.109291 -0.546105 0.830557 -0.0162089 -0.556698 0.830557 -0.0162091 -0.556697 0.830557 0.0773316 -0.551538 0.830557 0.0773318 -0.551539 0.830557 0.168684 -0.530774 0.830557 0.168684 -0.530774 0.830557 0.255264 -0.49499 0.830557 0.255264 -0.49499 0.830557 0.334621 -0.445201 0.830557 0.334621 -0.445201 0.830557 0.40451 -0.382814 0.830557 0.40451 -0.382814 0.830557 0.462953 -0.309596 0.830557 0.462953 -0.309596 0.830557 0.508297 -0.227618 0.830557 0.508296 -0.227618 0.830557 0.539258 -0.139199 0.830557 0.539258 -0.139199 0.830557 0.55496 -0.0468415 0.830557 0.55496 -0.0468415 0.830557 0.55496 0.0468415 0.830557 0.55496 0.0468416 0.830557 0.539258 0.139199 0.830557 0.539258 0.139199 0.830557 0.508296 0.227618 0.830557 0.508296 0.227618 0.830557 0.462953 0.309597 0.830557 0.462953 0.309596 0.830557 0.40451 0.382815 0.830557 0.40451 0.382814 0.830557 0.334621 0.445201 0.830557 0.334621 0.445201 0.830557 0.255264 0.49499 0.830557 0.255264 0.49499 0.830557 0.168684 0.530774 0.830557 0.168684 0.530774 0.830557 0.0773317 0.551539 0.830557 0.0773317 0.551538 0.830557 -0.0162089 0.556697 0.830557 -0.0162091 0.556698 0.830557 -0.109291 0.546105 0.830557 -0.109291 0.546105 0.830557 -0.213841 0.515363 0.829863 -0.210604 0.511078 0.833334 -0.185633 -0.472396 0.861616 -0.0366219 -0.192464 0.98062 -0.038415 -0.191952 0.980652 -0.038415 -0.191952 0.980652 -0.00569737 -0.195675 0.980652 -0.0056974 -0.195675 0.980652 0.0271815 -0.193862 0.980652 0.0271815 -0.193861 0.980652 0.0592912 -0.186563 0.980652 0.0592913 -0.186563 0.980652 0.0897234 -0.173985 0.980652 0.0897233 -0.173985 0.980652 0.117617 -0.156485 0.980652 0.117617 -0.156485 0.980652 0.142182 -0.134556 0.980652 0.142182 -0.134556 0.980652 0.162724 -0.108821 0.980652 0.162724 -0.108821 0.980652 0.178662 -0.0800059 0.980652 0.178662 -0.0800059 0.980652 0.189545 -0.0489273 0.980652 0.189545 -0.0489273 0.980652 0.195064 -0.0164644 0.980652 0.195064 -0.0164644 0.980652 0.195064 0.0164644 0.980652 0.195064 0.0164644 0.980652 0.189545 0.0489273 0.980652 0.189545 0.0489273 0.980652 0.178662 0.0800059 0.980652 0.178662 0.0800059 0.980652 0.162724 0.108821 0.980652 0.162724 0.108821 0.980652 0.142182 0.134556 0.980652 0.142182 0.134556 0.980652 0.117617 0.156485 0.980652 0.117617 0.156485 0.980652 0.0897233 0.173985 0.980652 0.0897233 0.173985 0.980652 0.0592913 0.186563 0.980652 0.0592913 0.186563 0.980652 0.0271815 0.193861 0.980652 0.0271815 0.193862 0.980652 -0.00569737 0.195675 0.980652 -0.0056974 0.195675 0.980652 -0.038415 0.191952 0.980652 -0.038415 0.191952 0.980652 -0.0877769 0.177569 0.980186 -0.0421285 0.10954 0.993089 -0.335928 0.891101 0.30511 -0.00241791 0.00636669 0.999977 -0.0273244 0.684193 0.728789 -0.0410937 0.886391 0.46111 -0.0526151 0.950717 0.305563 -0.0217653 0.24529 0.969205 -0.0169803 0.32732 0.944761 -0.0237296 0.457433 0.888928 -0.000152158 0.00296318 0.999996 -0.16284 0.428651 0.888674 -0.116523 0.306727 0.944638 -0.0403988 0.110309 0.993076 -0.276083 0.748694 0.60269 -0.251069 0.637382 0.728497 -0.00643197 0.113401 0.993529 -0.0272179 0.193315 0.980759 -0.0301307 0.193011 0.980734 -0.0301307 0.193011 0.980734 -0.0501554 0.1888 0.980734 -0.0501554 0.1888 0.980734 -0.0529869 0.187892 0.980759 -0.0790879 0.233563 0.96912 -0.045051 0.551373 0.833042 -0.0457479 0.553761 0.831418 -0.085773 0.549443 0.831117 -0.0857731 0.549443 0.831117 -0.142777 0.537457 0.831117 -0.142777 0.537456 0.831117 -0.181795 0.525077 0.831412 -0.180877 0.523721 0.832466 -0.0496723 0.795924 0.603355 -0.0599097 0.829427 0.555393 -0.128301 0.821868 0.555043 -0.128301 0.821868 0.555043 -0.213569 0.803938 0.555043 -0.213569 0.803938 0.555043 -0.280343 0.782921 0.555376 -0.320323 0.827763 0.460653 -0.351718 0.925397 0.141191 -0.336231 0.92138 0.194956 -0.251828 0.947957 0.194832 -0.251828 0.947957 0.194832 -0.16943 0.966062 0.194984 -0.15009 0.961442 0.230442 -0.118599 0.973595 0.195058 -0.0648866 0.978661 0.194968 -0.0520663 0.988581 0.141411 -0.134237 -0.32913 0.934695 -0.23437 -0.601023 0.764095 -0.0491068 -0.933165 0.356077 -0.042707 -0.762813 0.645208 -0.0321303 -0.491142 0.870487 -0.000152158 -0.00296318 0.999996 -0.00643197 -0.113401 0.993529 -0.0364778 -0.514129 0.856937 -0.0558848 -0.824048 0.563756 -0.052576 -0.998258 0.0267731 -0.30633 -0.805436 0.50738 -0.331992 -0.873662 0.355663 -0.341103 -0.919824 0.193838 -0.00241791 -0.0063667 0.999977 -0.0403988 -0.110309 0.993076 -0.0529869 -0.187892 0.980759 -0.0501554 -0.1888 0.980734 -0.0501554 -0.1888 0.980734 -0.0301307 -0.193011 0.980734 -0.0301307 -0.193011 0.980734 -0.0272179 -0.193315 0.980759 -0.00974868 -0.355384 0.93467 -0.172659 -0.477952 0.861249 -0.181795 -0.525077 0.831412 -0.142777 -0.537456 0.831117 -0.142777 -0.537457 0.831117 -0.085773 -0.549443 0.831117 -0.085773 -0.549443 0.831117 -0.0456096 -0.553774 0.831417 -0.0279614 -0.644195 0.76435 -0.268975 -0.715557 0.644695 -0.282858 -0.782045 0.555335 -0.213569 -0.803938 0.555043 -0.213569 -0.803938 0.555043 -0.128301 -0.821867 0.555043 -0.128301 -0.821868 0.555043 -0.0584899 -0.829542 0.555373 -0.0469978 -0.896036 0.441487 -0.0593686 -0.979173 0.194154 -0.0595898 -0.979006 0.194928 -0.151285 -0.969099 0.194833 -0.151285 -0.969099 0.194833 -0.235249 -0.952178 0.194975 -0.24991 -0.940738 0.229254 -0.284792 -0.938533 0.195061 -0.341321 -0.919516 0.194913 -0.35515 -0.934427 0.0267478 -0.0273249 0.457304 0.888891 -0.0316345 0.457211 0.888795 -0.0590467 0.988194 0.141373 -0.0590468 0.988192 0.141386 -0.0567943 0.950499 0.305494 -0.0567937 0.950487 0.305532 -0.0529307 0.885842 0.460957 -0.05293 0.885818 0.461004 -0.0475673 0.796078 0.603322 -0.0475647 0.796031 0.603384 -0.0408537 0.683731 0.72859 -0.0354248 0.551891 0.833163 -0.0380348 0.683778 0.728698 -0.0320377 0.551927 0.833277 -0.0167944 0.327326 0.944762 -0.00404182 0.00286133 0.999988 -0.00846764 0.113375 0.993516 -0.0151925 0.245616 0.969248 -0.0195567 0.327297 0.944719 -0.013106 0.245574 0.969289 -0.00674141 0.113391 0.993528 -0.000177013 0.00296245 0.999996 -0.000177013 -0.00296245 0.999996 -0.00674141 -0.113391 0.993528 -0.018362 -0.355112 0.934643 -0.00654839 -0.00278707 0.999975 -0.0228339 -0.491484 0.870587 -0.0107428 -0.113307 0.993502 -0.0213582 -0.355108 0.934581 -0.0307092 -0.514358 0.857025 -0.0380054 -0.643801 0.764249 -0.0327193 -0.506608 0.861556 -0.0431305 -0.762794 0.645202 -0.0389342 -0.64386 0.764152 -0.0489798 -0.824416 0.563861 -0.046367 -0.762721 0.645064 -0.0492616 -0.824431 0.563814 -0.0535201 -0.895702 0.441423 -0.0551022 -0.932849 0.356029 -0.053777 -0.895707 0.441381 -0.0580498 -0.97925 0.194162 -0.058179 -0.932697 0.355938 -0.0596244 -0.997862 0.0267685 -0.0596245 -0.997862 0.0267549 -0.058511 -0.979229 0.19413 -0.0467551 -0.354175 0.93401 -0.067899 -0.642406 0.763351 -0.0787557 -0.894094 0.440901 -0.0870106 -0.995849 0.0267207 -0.0694541 -0.978531 0.194045 -0.0403083 -0.824836 0.563933 -0.000274201 -0.00297336 0.999996 0.019724 0.246536 0.968933 -0.00953683 0.113343 0.99351 -0.000274201 0.00297336 0.999996 0.0212224 0.685026 0.728209 -0.0222349 0.552351 0.833315 -0.0413936 0.456834 0.888588 -0.0186803 0.887118 0.461165 -0.0496377 0.988706 0.141413 -0.0816758 -0.931082 0.35555 -0.0695535 -0.978555 0.193885 -0.281431 -0.939761 0.194024 -0.256844 -0.954737 0.150026 -0.354166 -0.914623 0.195016 -0.473992 -0.858887 0.194024 -0.473992 -0.858887 0.194024 -0.594941 -0.779773 0.194935 -0.64959 -0.744262 0.155263 -0.674602 -0.712046 0.194684 -0.786904 -0.585779 0.194024 -0.786904 -0.585778 0.194026 -0.893074 -0.405922 0.194026 -0.893073 -0.405925 0.194022 -0.958764 -0.207669 0.194022 -0.959907 -0.242852 0.140006 -0.971052 -0.137989 0.19498 -0.980997 0 0.194025 -0.980997 0 0.194025 -0.971052 0.137989 0.19498 -0.965036 0.209027 0.158154 -0.950922 0.240579 0.1946 -0.893075 0.405923 0.194022 -0.893073 0.405925 0.194026 -0.786904 0.585779 0.194026 -0.786904 0.585778 0.194024 -0.645068 0.739081 0.194024 -0.681932 0.719783 0.129923 -0.594941 0.779773 0.194935 -0.473992 0.858887 0.194024 -0.473992 0.858887 0.194024 -0.354166 0.914623 0.195016 -0.283084 0.945281 0.162196 -0.254822 0.947223 0.194512 -0.0853845 0.977238 0.194205 -0.0780719 0.94908 0.30521 -0.0941652 0.82677 0.554604 -0.238952 0.797916 0.553381 -0.238953 0.797917 0.553381 -0.402449 0.729249 0.553381 -0.402447 0.729249 0.553383 -0.547703 0.627526 0.553383 -0.547701 0.627526 0.553385 -0.668129 0.497362 0.553385 -0.668131 0.497361 0.553383 -0.758275 0.344653 0.553383 -0.758277 0.344653 0.553381 -0.814051 0.176324 0.553381 -0.814052 0.176323 0.55338 -0.832929 0 0.55338 -0.832929 0 0.55338 -0.814052 -0.176324 0.55338 -0.814051 -0.176323 0.553381 -0.758276 -0.344654 0.553381 -0.758276 -0.344652 0.553383 -0.66813 -0.497363 0.553383 -0.66813 -0.49736 0.553385 -0.547702 -0.627525 0.553385 -0.547702 -0.627527 0.553383 -0.402448 -0.729248 0.553383 -0.402448 -0.72925 0.553381 -0.238953 -0.797917 0.553381 -0.238953 -0.797916 0.553381 -0.0476849 -0.832173 0.552461 -0.0625599 -0.761869 0.644703 -0.0557915 0.79566 0.603168 -0.0950583 0.547407 0.83145 -0.160011 0.534314 0.830003 -0.160011 0.534314 0.830003 -0.269493 0.488331 0.830004 -0.269494 0.488332 0.830003 -0.366762 0.420215 0.830003 -0.366764 0.420216 0.830002 -0.447407 0.333053 0.830001 -0.447404 0.333053 0.830003 -0.507769 0.230792 0.830004 -0.50777 0.230791 0.830003 -0.545119 0.118072 0.830003 -0.545118 0.118073 0.830003 -0.557759 0 0.830003 -0.557759 0 0.830003 -0.545118 -0.118072 0.830003 -0.545119 -0.118073 0.830003 -0.50777 -0.230792 0.830003 -0.507769 -0.230791 0.830003 -0.447405 -0.333051 0.830003 -0.447406 -0.333054 0.830002 -0.366763 -0.420217 0.830002 -0.366763 -0.420215 0.830003 -0.269494 -0.488332 0.830003 -0.269494 -0.488331 0.830004 -0.160011 -0.534313 0.830003 -0.160011 -0.534314 0.830003 -0.0207596 -0.559364 0.828662 -0.0316108 -0.506649 0.861573 -0.0296257 0.326961 0.944573 0.00571081 0.199341 0.979914 -0.0562758 0.187917 0.980571 -0.0562758 0.187918 0.980571 -0.0947809 0.171746 0.980571 -0.0947804 0.171746 0.980571 -0.12899 0.147789 0.980571 -0.128989 0.147788 0.980571 -0.157351 0.117134 0.980571 -0.157352 0.117134 0.980571 -0.178583 0.0811692 0.980571 -0.178582 0.0811692 0.980571 -0.191717 0.0415259 0.980571 -0.191717 0.0415259 0.980571 -0.196162 0 0.980571 -0.196162 0 0.980571 -0.191717 -0.0415258 0.980571 -0.191717 -0.041526 0.980571 -0.178582 -0.0811688 0.980571 -0.178582 -0.0811696 0.980571 -0.157352 -0.117135 0.980571 -0.157351 -0.117133 0.980572 -0.128989 -0.147788 0.980571 -0.12899 -0.147789 0.980571 -0.0947806 -0.171745 0.980571 -0.0947806 -0.171746 0.980571 -0.0562758 -0.187918 0.980571 -0.0562758 -0.187917 0.980571 0.00942493 -0.2 0.979751 -0.00953683 -0.113343 0.99351 -0.156435 -0.987688 0 -0.156435 -0.987688 0 -0.45399 -0.891007 0 -0.45399 -0.891007 0 -0.707107 -0.707107 0 -0.707107 -0.707107 0 -0.891007 -0.45399 0 -0.891007 -0.45399 0 -0.987688 -0.156434 0 -0.987688 -0.156434 0 -0.987688 0.156434 -1.12225e-16 -0.987688 0.156434 0 -0.891007 0.45399 0 -0.891007 0.45399 0 -0.707107 0.707107 0 -0.707107 0.707107 0 -0.45399 0.891007 0 -0.45399 0.891007 0 -0.156435 0.987688 0 -0.156435 0.987688 0 -0.0596458 0.99822 0 -0.0596458 0.99822 0 -0.0689148 0.997623 0 -0.0689148 0.997623 0 -0.205435 0.978671 0 -0.205435 0.978671 0 -0.338052 0.941127 0 -0.338052 0.941127 0 -0.30292 0.953016 0 -0.30292 0.953016 0 -0.0728713 0.997341 0 -0.0728713 0.997341 0 0.161177 0.986926 0 0.161177 0.986926 0 0.386379 0.92234 0 0.386379 0.92234 0 0.590373 0.807131 0 0.590373 0.807131 0 0.761963 0.64762 0 0.761963 0.64762 0 0.891732 0.452563 0 0.891732 0.452563 0 0.972557 0.232667 0 0.972557 0.232667 0 1 0 0 1 0 0 0.972557 -0.232667 0 0.972557 -0.232667 0 0.891732 -0.452563 0 0.891732 -0.452563 0 0.761963 -0.64762 0 0.761963 -0.64762 0 0.590373 -0.807131 0 0.590373 -0.807131 0 0.386379 -0.92234 0 0.386379 -0.92234 0 0.161177 -0.986926 0 0.161177 -0.986926 0 -0.0728713 -0.997341 0 -0.0728713 -0.997341 0 -0.30292 -0.953016 0 -0.30292 -0.953016 0 -0.338052 -0.941127 0 -0.338052 -0.941127 0 -0.205435 -0.978671 0 -0.205435 -0.978671 0 -0.0689148 -0.997623 0 -0.0689148 -0.997623 0 -0.0596458 -0.99822 0 -0.0596458 -0.99822 0 -0.259784 -0.965667 0 -0.126455 -0.756479 -0.641677 -0.0870416 -0.996205 0 -0.361099 -0.932527 0 -0.446028 -0.808215 -0.38451 -0.423143 -0.744338 -0.516634 -0.72631 -0.266185 -0.633734 -0.606578 -0.795024 0 -0.687762 -0.725936 0 -0.597969 -0.50631 -0.621356 -0.801567 -0.596693 -0.0380462 -0.909785 -0.413521 0.0359489 -0.882197 0 -0.47088 -0.882197 0 -0.47088 -0.990054 -0.140689 0 -0.969455 -0.245268 0 -0.597969 0.50631 -0.621356 -0.990054 0.140689 0 -0.969455 0.245268 0 -0.72631 0.266185 -0.633734 -0.909785 0.413521 0.0359489 -0.801567 0.596693 -0.0380462 -0.446028 0.808215 -0.38451 -0.423143 0.744338 -0.516634 -0.606578 0.795024 0 -0.687762 0.725936 0 -0.0870416 0.996205 0 -0.126455 0.756479 -0.641677 -0.259784 0.965667 0 -0.361099 0.932527 0 -0.0596458 0.99822 0 -0.0596458 0.99822 0 -0.0525948 0.998616 0 -0.0659583 0.922523 0.380263 -0.148622 0.952038 -0.267462 -0.183918 0.868972 0.459414 -0.355277 0.934761 0 -0.315499 0.8758 0.365287 -0.29037 0.956915 0 -0.239852 0.970809 0 -0.219027 0.975719 0 -0.212329 0.703713 -0.678015 -0.346604 0.938011 0 -0.136187 0.990683 0 -0.0257697 0.885056 -0.46477 -0.0231877 0.865701 -0.500024 0.293668 0.955908 0 0.174936 0.71645 -0.675349 0.164184 0.98643 0 0.0806374 0.996744 0 0.373023 0.927822 0 0.450286 0.873163 -0.186626 0.383342 0.692218 -0.61146 0.724342 0.685493 -0.0736728 0.536545 0.551109 -0.639061 0.631751 0.775172 0 0.564315 0.825559 0 0.784035 0.620717 0 0.833467 0.55257 0 0.643551 0.379253 -0.664838 0.906132 0.233901 -0.352442 0.802286 0.218814 -0.555389 0.93301 0.359851 0 0.899438 0.437048 0 0.988656 0.150199 0 0.997785 0.0665164 0 0.732589 0 -0.680671 0.997785 -0.0665164 0 0.988656 -0.150199 0 0.906132 -0.233901 -0.352442 0.802286 -0.218814 -0.555389 0.833467 -0.55257 0 0.643551 -0.379253 -0.664838 0.899438 -0.437048 0 0.93301 -0.359851 0 0.784035 -0.620717 0 0.724342 -0.685493 -0.0736728 0.536545 -0.551109 -0.63906 0.450286 -0.873163 -0.186626 0.383342 -0.692218 -0.61146 0.564315 -0.825559 0 0.631751 -0.775172 0 0.373023 -0.927822 0 0.293668 -0.955908 0 0.174936 -0.71645 -0.675349 -0.0257697 -0.885056 -0.46477 -0.0231877 -0.865701 -0.500024 0.0806374 -0.996744 0 0.164184 -0.98643 0 -0.346604 -0.938011 0 -0.212329 -0.703713 -0.678015 -0.219027 -0.975719 0 -0.136187 -0.990683 0 -0.355277 -0.934761 0 -0.315499 -0.8758 0.365287 -0.247984 -0.933486 -0.259054 -0.183918 -0.868972 0.459414 -0.0525948 -0.998616 0 -0.0659583 -0.922523 0.380263 -0.120921 -0.992662 0 -0.172745 -0.984967 0 -0.0596458 -0.99822 0 -0.0596458 -0.99822 0 0 0 -1 0 0 -1 0 0 -1 0 0 -1 0 0 -1 0 0 -1 0 0 -1 0 0 -1 0 0 -1 0 0 -1 0 0 -1 0 0 -1 0 0 -1 0 0 -1 0 0 -1 0 0 -1 0 0 -1 0 0 -1 0 0 -1 0 0 -1 0 0 -1 0 0 -1 0 0 -1 0 0 -1 0 0 -1 0 0 -1 0 0 -1 0 0 -1 0 0 -1 0 0 -1 -0.226931 -0.647306 -0.727665 -0.300389 -0.835507 -0.460102 -0.343136 -0.928625 -0.141112 -0.177131 0.309766 -0.934168 -0.0421285 0.10954 -0.993089 -0.0023588 0.00639306 -0.999977 -0.262077 0.588991 -0.764464 -0.322596 0.798833 -0.507738 -0.350784 0.91615 -0.193956 -0.0023588 -0.00639306 -0.999977 -0.0956769 -0.226229 -0.969364 -0.11369 -0.307969 -0.944579 -0.158872 -0.430361 -0.888566 -0.333534 -0.892015 -0.305064 -0.357823 -0.91335 -0.194302 -0.192493 -0.961845 -0.194426 -0.216876 -0.966139 -0.13979 -0.133572 -0.971657 -0.19504 -0.0285486 -0.980502 -0.194426 -0.0285488 -0.980502 -0.194425 0.0790889 -0.977604 -0.195029 0.137217 -0.978645 -0.153054 0.16104 -0.967539 -0.194769 0.297101 -0.934842 -0.194425 0.289292 -0.941663 -0.17199 0.365856 -0.909996 -0.195082 0.449592 -0.871818 -0.194425 0.449592 -0.871817 -0.194425 0.553489 -0.80972 -0.194946 0.594416 -0.790848 -0.1457 0.619636 -0.760306 -0.194901 0.712456 -0.674245 -0.194425 0.712456 -0.674244 -0.194426 0.76897 -0.60879 -0.19509 0.816798 -0.546227 -0.185679 0.817552 -0.542018 -0.194487 0.895253 -0.4009 -0.194426 0.892861 -0.433852 -0.120713 0.915099 -0.352943 -0.194999 0.949785 -0.245169 -0.194425 0.949785 -0.245169 -0.194425 0.969665 -0.147314 -0.195061 0.98327 -0.082993 -0.162147 0.978696 -0.0652438 -0.194675 0.977442 0.082501 -0.194426 0.986006 0.0657312 -0.153204 0.969665 0.147314 -0.195061 0.949785 0.245169 -0.194425 0.949785 0.245169 -0.194425 0.915099 0.352943 -0.194999 0.902516 0.404152 -0.148747 0.882203 0.428673 -0.194828 0.815391 0.545286 -0.194426 0.819052 0.543013 -0.185178 0.76897 0.60879 -0.19509 0.712456 0.674244 -0.194426 0.712456 0.674244 -0.194425 0.589362 0.784124 -0.194425 0.628489 0.771169 -0.101494 0.553489 0.80972 -0.194946 0.449592 0.871818 -0.194425 0.449592 0.871818 -0.194425 0.365856 0.909996 -0.195082 0.298222 0.93837 -0.174715 0.288056 0.937639 -0.194569 0.136203 0.971415 -0.194425 0.162698 0.977501 -0.134241 0.0790889 0.977604 -0.195029 -0.0285486 0.980502 -0.194425 -0.34648 0.937676 -0.0267321 -0.350561 0.916135 -0.194433 -0.214833 0.957038 -0.194743 -0.193855 0.968653 -0.155344 -0.133572 0.971657 -0.19504 -0.0285488 0.980502 -0.194426 -0.323985 0.876734 -0.355487 -0.287991 0.780704 -0.554583 -0.163344 0.816195 -0.554207 -0.163344 0.816194 -0.554207 -0.0242256 0.832026 -0.554207 -0.0242255 0.832026 -0.554207 0.115578 0.824316 -0.554207 0.115578 0.824315 -0.554207 0.252111 0.793281 -0.554207 0.252111 0.793281 -0.554207 0.381511 0.7398 -0.554207 0.381511 0.7398 -0.554207 0.500116 0.665386 -0.554207 0.500116 0.665386 -0.554207 0.60457 0.572145 -0.554207 0.60457 0.572145 -0.554207 0.691918 0.462715 -0.554207 0.691917 0.462715 -0.554208 0.759686 0.340192 -0.554208 0.759687 0.340192 -0.554207 0.805961 0.208043 -0.554207 0.805961 0.208043 -0.554207 0.82943 0.070008 -0.554207 0.82943 0.0700081 -0.554207 0.82943 -0.070008 -0.554207 0.82943 -0.0700081 -0.554207 0.805961 -0.208043 -0.554207 0.805961 -0.208043 -0.554207 0.759687 -0.340192 -0.554207 0.759686 -0.340192 -0.554208 0.691917 -0.462714 -0.554208 0.691917 -0.462715 -0.554207 0.60457 -0.572145 -0.554207 0.60457 -0.572145 -0.554207 0.500116 -0.665386 -0.554207 0.500116 -0.665386 -0.554207 0.381511 -0.7398 -0.554207 0.381511 -0.7398 -0.554207 0.252111 -0.793281 -0.554207 0.252111 -0.793281 -0.554207 0.115578 -0.824315 -0.554207 0.115578 -0.824316 -0.554207 -0.0242256 -0.832026 -0.554207 -0.0242255 -0.832026 -0.554207 -0.163344 -0.816194 -0.554207 -0.163344 -0.816195 -0.554207 -0.309677 -0.773011 -0.553673 -0.286506 -0.744506 -0.603013 -0.268382 0.715796 -0.644676 -0.178219 0.526613 -0.831214 -0.109291 0.546105 -0.830557 -0.109291 0.546105 -0.830557 -0.0162089 0.556698 -0.830557 -0.0162091 0.556697 -0.830557 0.0773316 0.551538 -0.830557 0.0773318 0.551539 -0.830557 0.168684 0.530774 -0.830557 0.168684 0.530774 -0.830557 0.255264 0.49499 -0.830557 0.255264 0.49499 -0.830557 0.334621 0.445201 -0.830557 0.334621 0.445201 -0.830557 0.40451 0.382814 -0.830557 0.40451 0.382814 -0.830557 0.462953 0.309596 -0.830557 0.462953 0.309596 -0.830557 0.508297 0.227618 -0.830557 0.508296 0.227618 -0.830557 0.539258 0.139199 -0.830557 0.539258 0.139199 -0.830557 0.55496 0.0468415 -0.830557 0.55496 0.0468415 -0.830557 0.55496 -0.0468415 -0.830557 0.55496 -0.0468416 -0.830557 0.539258 -0.139199 -0.830557 0.539258 -0.139199 -0.830557 0.508296 -0.227618 -0.830557 0.508296 -0.227618 -0.830557 0.462953 -0.309597 -0.830557 0.462953 -0.309596 -0.830557 0.40451 -0.382815 -0.830557 0.40451 -0.382814 -0.830557 0.334621 -0.445201 -0.830557 0.334621 -0.445201 -0.830557 0.255264 -0.49499 -0.830557 0.255264 -0.49499 -0.830557 0.168684 -0.530774 -0.830557 0.168684 -0.530774 -0.830557 0.0773317 -0.551539 -0.830557 0.0773317 -0.551538 -0.830557 -0.0162089 -0.556697 -0.830557 -0.0162091 -0.556698 -0.830557 -0.109291 -0.546105 -0.830557 -0.109291 -0.546105 -0.830557 -0.213841 -0.515363 -0.829863 -0.210604 -0.511078 -0.833334 -0.185633 0.472396 -0.861616 -0.0366219 0.192464 -0.98062 -0.038415 0.191952 -0.980652 -0.038415 0.191952 -0.980652 -0.00569737 0.195675 -0.980652 -0.0056974 0.195675 -0.980652 0.0271815 0.193862 -0.980652 0.0271815 0.193861 -0.980652 0.0592912 0.186563 -0.980652 0.0592913 0.186563 -0.980652 0.0897234 0.173985 -0.980652 0.0897233 0.173985 -0.980652 0.117617 0.156485 -0.980652 0.117617 0.156485 -0.980652 0.142182 0.134556 -0.980652 0.142182 0.134556 -0.980652 0.162724 0.108821 -0.980652 0.162724 0.108821 -0.980652 0.178662 0.0800059 -0.980652 0.178662 0.0800059 -0.980652 0.189545 0.0489273 -0.980652 0.189545 0.0489273 -0.980652 0.195064 0.0164644 -0.980652 0.195064 0.0164644 -0.980652 0.195064 -0.0164644 -0.980652 0.195064 -0.0164644 -0.980652 0.189545 -0.0489273 -0.980652 0.189545 -0.0489273 -0.980652 0.178662 -0.0800059 -0.980652 0.178662 -0.0800059 -0.980652 0.162724 -0.108821 -0.980652 0.162724 -0.108821 -0.980652 0.142182 -0.134556 -0.980652 0.142182 -0.134556 -0.980652 0.117617 -0.156485 -0.980652 0.117617 -0.156485 -0.980652 0.0897233 -0.173985 -0.980652 0.0897233 -0.173985 -0.980652 0.0592913 -0.186563 -0.980652 0.0592913 -0.186563 -0.980652 0.0271815 -0.193861 -0.980652 0.0271815 -0.193862 -0.980652 -0.00569737 -0.195675 -0.980652 -0.0056974 -0.195675 -0.980652 -0.038415 -0.191952 -0.980652 -0.038415 -0.191952 -0.980652 -0.0877769 -0.177569 -0.980186 -0.0421285 -0.10954 -0.993089 -0.134237 0.32913 -0.934695 -0.23437 0.601023 -0.764095 -0.0491068 0.933165 -0.356077 -0.042707 0.762813 -0.645208 -0.0321303 0.491142 -0.870487 -0.000152158 0.00296318 -0.999996 -0.00643197 0.113401 -0.993529 -0.0364778 0.514129 -0.856937 -0.0558848 0.824048 -0.563756 -0.052576 0.998258 -0.0267731 -0.30633 0.805436 -0.50738 -0.331992 0.873662 -0.355663 -0.341103 0.919824 -0.193838 -0.00241791 0.0063667 -0.999977 -0.0403988 0.110309 -0.993076 -0.0529869 0.187892 -0.980759 -0.0501554 0.1888 -0.980734 -0.0501554 0.1888 -0.980734 -0.0301307 0.193011 -0.980734 -0.0301307 0.193011 -0.980734 -0.0272179 0.193315 -0.980759 -0.00974868 0.355384 -0.93467 -0.172659 0.477952 -0.861249 -0.181795 0.525077 -0.831412 -0.142777 0.537456 -0.831117 -0.142777 0.537457 -0.831117 -0.085773 0.549443 -0.831117 -0.085773 0.549443 -0.831117 -0.0456096 0.553774 -0.831417 -0.0279614 0.644195 -0.76435 -0.268975 0.715557 -0.644695 -0.282858 0.782045 -0.555335 -0.213569 0.803938 -0.555043 -0.213569 0.803938 -0.555043 -0.128301 0.821867 -0.555043 -0.128301 0.821868 -0.555043 -0.0584899 0.829542 -0.555373 -0.0469978 0.896036 -0.441487 -0.0593686 0.979173 -0.194154 -0.0595898 0.979006 -0.194928 -0.151285 0.969099 -0.194833 -0.151285 0.969099 -0.194833 -0.235249 0.952178 -0.194975 -0.24991 0.940738 -0.229254 -0.284792 0.938533 -0.195061 -0.341321 0.919516 -0.194913 -0.35515 0.934427 -0.0267478 -0.335928 -0.891101 -0.30511 -0.00241791 -0.00636669 -0.999977 -0.0445564 -0.907654 -0.417348 -0.0526151 -0.950717 -0.305563 -0.0273244 -0.684193 -0.728789 -0.0496723 -0.795924 -0.603355 -0.000152158 -0.00296318 -0.999996 -0.0217653 -0.24529 -0.969205 -0.0132297 -0.388545 -0.921335 -0.0364763 -0.514122 -0.856941 -0.16284 -0.428651 -0.888674 -0.116523 -0.306727 -0.944638 -0.0403988 -0.110309 -0.993076 -0.276083 -0.748694 -0.60269 -0.251069 -0.637382 -0.728497 -0.00643197 -0.113401 -0.993529 -0.0272179 -0.193315 -0.980759 -0.0301307 -0.193011 -0.980734 -0.0301307 -0.193011 -0.980734 -0.0501554 -0.1888 -0.980734 -0.0501554 -0.1888 -0.980734 -0.0529869 -0.187892 -0.980759 -0.0790879 -0.233563 -0.96912 -0.045051 -0.551373 -0.833042 -0.0457479 -0.553761 -0.831418 -0.085773 -0.549443 -0.831117 -0.0857731 -0.549443 -0.831117 -0.142777 -0.537457 -0.831117 -0.142777 -0.537456 -0.831117 -0.181795 -0.525077 -0.831412 -0.180877 -0.523721 -0.832466 -0.0627907 -0.838446 -0.541355 -0.0584895 -0.829542 -0.555373 -0.128301 -0.821868 -0.555043 -0.128301 -0.821868 -0.555043 -0.213569 -0.803938 -0.555043 -0.213569 -0.803938 -0.555043 -0.280343 -0.782921 -0.555376 -0.320323 -0.827763 -0.460653 -0.351718 -0.925397 -0.141191 -0.336231 -0.92138 -0.194956 -0.251828 -0.947957 -0.194832 -0.251828 -0.947957 -0.194832 -0.16943 -0.966062 -0.194984 -0.15009 -0.961442 -0.230442 -0.118599 -0.973595 -0.195058 -0.0648866 -0.978661 -0.194968 -0.0520663 -0.988581 -0.141411 -0.000177013 0.00296245 -0.999996 -0.00674141 0.113391 -0.993528 -0.018362 0.355112 -0.934643 -0.00654839 0.00278707 -0.999975 -0.0228339 0.491484 -0.870587 -0.0107428 0.113307 -0.993502 -0.0213582 0.355108 -0.934581 -0.0307092 0.514358 -0.857025 -0.0380054 0.643801 -0.764249 -0.0327193 0.506608 -0.861556 -0.0431305 0.762794 -0.645202 -0.0389342 0.64386 -0.764152 -0.0489798 0.824416 -0.563861 -0.046367 0.762721 -0.645064 -0.0492616 0.824431 -0.563814 -0.0535201 0.895702 -0.441423 -0.0551022 0.932849 -0.356029 -0.053777 0.895707 -0.441381 -0.0580498 0.97925 -0.194162 -0.058179 0.932697 -0.355938 -0.0596244 0.997862 -0.0267685 -0.0596245 0.997862 -0.0267549 -0.058511 0.979229 -0.19413 -0.0590467 -0.988194 -0.141373 -0.0590468 -0.988192 -0.141386 -0.0567943 -0.950499 -0.305494 -0.0545351 -0.90716 -0.417238 -0.0556483 -0.950552 -0.305541 -0.0542053 -0.907168 -0.417263 -0.0499348 -0.839173 -0.541567 -0.0479446 -0.79606 -0.603316 -0.0501427 -0.839177 -0.541541 -0.0400015 -0.683693 -0.728673 -0.0339392 -0.514297 -0.856941 -0.0442123 -0.79619 -0.603429 -0.0363361 -0.551856 -0.833148 -0.0413157 -0.683711 -0.728582 -0.0165944 -0.245573 -0.969236 -0.0107428 -0.113307 -0.993502 -0.0328954 -0.551894 -0.833265 -0.0307336 -0.514351 -0.857029 -0.0263807 -0.441501 -0.896873 -0.0203909 -0.32727 -0.944711 -0.000177012 -0.00296244 -0.999996 -0.00674141 -0.113391 -0.993528 -0.00700522 -0.0027735 -0.999972 -0.0195372 -0.388342 -0.921308 -0.013106 -0.245574 -0.969289 -0.0467551 0.354175 -0.93401 -0.067899 0.642406 -0.763351 -0.0787557 0.894094 -0.440901 -0.0870106 0.995849 -0.0267207 -0.0780719 -0.94908 -0.30521 0.019724 -0.246536 -0.968933 -0.00953683 -0.113343 -0.99351 -0.000274201 -0.00297336 -0.999996 0.0212224 -0.685026 -0.728209 -0.0222349 -0.552351 -0.833315 -0.0300405 -0.514441 -0.857 -0.0399587 -0.440998 -0.896618 -0.0393426 -0.839666 -0.541676 -0.0496377 -0.988706 -0.141413 -0.0694541 0.978531 -0.194045 -0.0403083 0.824836 -0.563933 -0.000274201 0.00297336 -0.999996 -0.0816758 0.931082 -0.35555 -0.0695535 0.978555 -0.193885 -0.281431 0.939761 -0.194024 -0.256844 0.954737 -0.150026 -0.354166 0.914623 -0.195016 -0.473992 0.858887 -0.194024 -0.473992 0.858887 -0.194024 -0.594941 0.779773 -0.194935 -0.64959 0.744262 -0.155263 -0.674602 0.712046 -0.194684 -0.786904 0.585779 -0.194024 -0.786904 0.585778 -0.194026 -0.893074 0.405922 -0.194026 -0.893073 0.405925 -0.194022 -0.958764 0.207669 -0.194022 -0.959907 0.242852 -0.140006 -0.971052 0.137989 -0.19498 -0.980997 0 -0.194025 -0.980997 0 -0.194025 -0.971052 -0.137989 -0.19498 -0.965036 -0.209027 -0.158154 -0.950922 -0.240579 -0.1946 -0.893075 -0.405923 -0.194022 -0.893073 -0.405925 -0.194026 -0.786904 -0.585779 -0.194026 -0.786904 -0.585778 -0.194024 -0.645068 -0.739081 -0.194024 -0.681932 -0.719783 -0.129923 -0.594941 -0.779773 -0.194935 -0.473992 -0.858887 -0.194024 -0.473992 -0.858887 -0.194024 -0.354166 -0.914623 -0.195016 -0.283084 -0.945281 -0.162196 -0.254822 -0.947223 -0.194512 -0.0853845 -0.977238 -0.194205 -0.0858233 -0.90502 -0.41662 -0.0441664 -0.832508 -0.55225 -0.238952 -0.797916 -0.553381 -0.238953 -0.797917 -0.553381 -0.402449 -0.729249 -0.553381 -0.402447 -0.729249 -0.553383 -0.547703 -0.627526 -0.553383 -0.547701 -0.627526 -0.553385 -0.668129 -0.497362 -0.553385 -0.668131 -0.497361 -0.553383 -0.758275 -0.344653 -0.553383 -0.758277 -0.344653 -0.553381 -0.814051 -0.176324 -0.553381 -0.814052 -0.176323 -0.55338 -0.832929 0 -0.55338 -0.832929 0 -0.55338 -0.814052 0.176324 -0.55338 -0.814051 0.176323 -0.553381 -0.758276 0.344654 -0.553381 -0.758276 0.344652 -0.553383 -0.66813 0.497363 -0.553383 -0.66813 0.49736 -0.553385 -0.547702 0.627525 -0.553385 -0.547702 0.627527 -0.553383 -0.402448 0.729248 -0.553383 -0.402448 0.72925 -0.553381 -0.238953 0.797917 -0.553381 -0.238953 0.797916 -0.553381 -0.0476849 0.832173 -0.552461 -0.0625599 0.761869 -0.644703 -0.0557915 -0.79566 -0.603168 -0.0950583 -0.547407 -0.83145 -0.160011 -0.534314 -0.830003 -0.160011 -0.534314 -0.830003 -0.269493 -0.488331 -0.830004 -0.269494 -0.488332 -0.830003 -0.366762 -0.420215 -0.830003 -0.366764 -0.420216 -0.830002 -0.447407 -0.333053 -0.830001 -0.447404 -0.333053 -0.830003 -0.507769 -0.230792 -0.830004 -0.50777 -0.230791 -0.830003 -0.545119 -0.118072 -0.830003 -0.545118 -0.118073 -0.830003 -0.557759 0 -0.830003 -0.557759 0 -0.830003 -0.545118 0.118072 -0.830003 -0.545119 0.118073 -0.830003 -0.50777 0.230792 -0.830003 -0.507769 0.230791 -0.830003 -0.447405 0.333051 -0.830003 -0.447406 0.333054 -0.830002 -0.366763 0.420217 -0.830002 -0.366763 0.420215 -0.830003 -0.269494 0.488332 -0.830003 -0.269494 0.488331 -0.830004 -0.160011 0.534313 -0.830003 -0.160011 0.534314 -0.830003 -0.0207596 0.559364 -0.828662 -0.0316108 0.506649 -0.861573 -0.0296257 -0.326961 -0.944573 0.00571081 -0.199341 -0.979914 -0.0562758 -0.187917 -0.980571 -0.0562758 -0.187918 -0.980571 -0.0947809 -0.171746 -0.980571 -0.0947804 -0.171746 -0.980571 -0.12899 -0.147789 -0.980571 -0.128989 -0.147788 -0.980571 -0.157351 -0.117134 -0.980571 -0.157352 -0.117134 -0.980571 -0.178583 -0.0811692 -0.980571 -0.178582 -0.0811692 -0.980571 -0.191717 -0.0415259 -0.980571 -0.191717 -0.0415259 -0.980571 -0.196162 0 -0.980571 -0.196162 0 -0.980571 -0.191717 0.0415258 -0.980571 -0.191717 0.041526 -0.980571 -0.178582 0.0811688 -0.980571 -0.178582 0.0811696 -0.980571 -0.157352 0.117135 -0.980571 -0.157351 0.117133 -0.980572 -0.128989 0.147788 -0.980571 -0.12899 0.147789 -0.980571 -0.0947806 0.171745 -0.980571 -0.0947806 0.171746 -0.980571 -0.0562758 0.187918 -0.980571 -0.0562758 0.187917 -0.980571 0.00942493 0.2 -0.979751 -0.00953683 0.113343 -0.99351 0 -1 0 0 -1 0 1 0 0 1 0 0 0 1 0 0 1 0 -1 0 0 -1 0 0 0 0 1 0 0 1 0 0 1 0 0 1 0 0 1 0 0 1 0 0 1 0 0 1 0 0 1 0 0 1 0 0 1 0 0 1 0 0 1 0 0 1 0 0 1 0 0 1 0 0 1 0 0 1 0 0 1 0 0 1 0 -1 0 0 -1 0 -1 0 0 -1 0 0 0 1 0 0 1 0 1 0 0 1 0 0 0 0 -1 0 0 -1 0 0 -1 0 0 -1 0 0 -1 0 0 -1 0 0 -1 0 0 -1 0 0 -1 0 0 -1 0 0 -1 0 0 -1 0 0 -1 0 0 -1 0 0 -1 0 0 -1 0 0 -1 0 0 -1 0 0 -1 0 0 -1 0 1 0 0 1 0 -1 0 0 -1 0 0 1 0 0 1 0 0 0 -1 0 0 -1 0 0.965926 0.258818 0 0.965926 0.258818 0 0.707107 0.707107 0 0.707107 0.707107 0 0.258819 0.965926 0 0.258819 0.965926 0 -0.258818 0.965926 0 -0.258818 0.965926 0 -0.707108 0.707106 0 -0.707108 0.707106 0 -0.965926 0.25882 0 -0.965926 0.25882 0 0.258819 -0.965926 0 0.258819 -0.965926 0 0.707107 -0.707107 0 0.707107 -0.707107 0 0.965926 -0.258818 0 0.965926 -0.258818 0 -0.965926 -0.25882 0 -0.965926 -0.25882 0 -0.707108 -0.707106 0 -0.707108 -0.707106 0 -0.258818 -0.965926 0 -0.258818 -0.965926 0 -0.222521 0.974928 0 -0.222521 0.974928 0 -0.62349 0.781831 0 -0.62349 0.781831 0 -0.900969 0.433884 0 -0.900969 0.433884 0 -1 0 0 -1 0 0 -0.900969 -0.433884 0 -0.900969 -0.433884 0 -0.62349 -0.781831 0 -0.62349 -0.781831 0 -0.222521 -0.974928 0 -0.222521 -0.974928 0 0 1 0 0 1 0 0.222521 -0.974928 0 0.222521 -0.974928 0 0.623489 -0.781832 0 0.623489 -0.781832 0 0.900969 -0.433883 0 0.900969 -0.433883 0 1 0 0 1 0 0 0.900969 0.433883 0 0.900969 0.433883 0 0.623489 0.781832 0 0.623489 0.781832 0 0.222521 0.974928 0 0.222521 0.974928 0 0 -1 0 0 -1 0 0 1 0 0 1 0 -1 0 0 -1 0 0 0.911005 0.412396 0 0.911005 0.412396 0 -0.911005 0.412395 0 -0.911005 0.412395 0 1 0 0 1 0 0 0 1 0 0 1 0 -1 0 0 -1 0 0 0 -1 0 0 -1 0 0.911005 -0.412395 0 0.911005 -0.412395 0 -0.911005 -0.412396 0 -0.911005 -0.412396 0 0 -1 0 0 -1 0 1 0 0 1 0 0 0 0 1 0 0 1 0 0 1 0 0 1 0 0 1 0 0 1 0 0 1 0 0 1 0 0 1 0 0 1 0 1 0 0 1 0 -1 0 0 -1 0 0 0 -1 0 0 -1 0 1 0 0 1 0 0 0 0 1 0 0 1 0 1 0 0 1 0 -1 0 0 -1 0 0 0.794364 0.607442 0 0.794364 0.607442 0 0 1 0 0 1 0 -0.794364 -0.607442 0 -0.794364 -0.607442 0 -0.794364 0.607442 0 -0.794364 0.607442 0 0 -1 0 0 -1 0 0.794364 -0.607442 0 0.794364 -0.607442 0 -1 0 0 -1 0 0 0 -1 0 0 -1 0 1 0 0 1 0 0 0 0 1 0 0 1 0 0 1 0 0 1 0 0 1 0 0 1 0 0 1 0 0 1 0 0 1 0 1 0 0 1 0 -1 0 0 -1 0 0 0 -1 0 0 -1 0 -1 0 0 -1 0 0 0 1 0 0 1 0 -1 0 0 -1 0 0 0 -1 0 0 -1 0 -1 0 0 -1 0 0 0 1 0 0 1 0 -1 0 0 -1 0 0 0 -1 0 0 -1 0 1 0 0 1 0 0 0 0 1 0 0 1 0 0 1 0 0 1 0 0 1 0 0 1 0 0 1 0 0 1 0 0 1 0 0 1</float_array>
                    <technique_common>
                        <accessor count="2122" source="#shape0-lib-normals-array" stride="3">
                            <param name="X" type="float"/>
                            <param name="Y" type="float"/>
                            <param name="Z" type="float"/>
                        </accessor>
                    </technique_common>
                </source>
                <vertices id="shape0-lib-vertices">
                    <input semantic="POSITION" source="#shape0-lib-positions"/>
                </vertices>
                <triangles count="2122">
                    <input offset="0" semantic="VERTEX" source="#shape0-lib-vertices"/>
                    <input offset="1" semantic="NORMAL" source="#shape0-lib-normals"/>
                    <p>0 0 1 0 2 0 3 1 4 1 5 1 6 2 7 2 8 2 0 3 2 3 9 3 10 4 11 4 8 4 8 5 11 5 12 5 8 6 12 6 13 6 10 7 14 7 15 7 16 8 17 8 18 8 19 9 20 9 21 9 21 10 20 10 9 10 21 11 9 11 15 11 19 12 21 12 17 12 17 13 21 13 22 13 17 14 22 14 23 14 24 15 25 15 26 15 26 16 25 16 27 16 27 17 6 17 26 17 26 18 6 18 8 18 26 19 8 19 18 19 18 20 8 20 13 20 18 21 13 21 16 21 28 22 29 22 17 22 30 23 11 23 5 23 5 24 11 24 10 24 5 25 10 25 3 25 3 26 10 26 31 26 14 27 10 27 32 27 33 28 28 28 34 28 34 29 28 29 17 29 34 30 17 30 35 30 35 31 17 31 16 31 35 32 16 32 36 32 15 33 9 33 10 33 10 34 9 34 2 34 10 35 2 35 37 35 38 36 39 36 23 36 23 37 39 37 40 37 23 38 40 38 41 38 42 39 43 39 44 39 44 40 43 40 17 40 44 41 17 41 45 41 45 42 17 42 46 42 47 43 48 43 41 43 41 44 48 44 32 44 41 45 32 45 23 45 23 46 32 46 10 46 23 47 10 47 17 47 17 48 10 48 49 48 17 49 49 49 46 49 50 50 51 50 52 50 34 51 31 51 33 51 33 52 31 52 10 52 33 53 10 53 53 53 53 54 10 54 37 54 53 55 37 55 29 55 29 56 37 56 54 56 29 57 54 57 17 57 17 58 54 58 50 58 17 59 50 59 19 59 19 60 50 60 52 60 55 61 56 61 57 61 58 62 59 62 60 62 60 63 59 63 61 63 62 64 63 64 60 64 60 65 63 65 64 65 60 66 64 66 55 66 55 67 64 67 65 67 66 68 67 68 68 68 69 69 70 69 71 69 65 70 72 70 55 70 55 71 72 71 73 71 55 72 73 72 56 72 68 73 67 73 74 73 74 74 67 74 75 74 74 75 75 75 76 75 76 76 75 76 77 76 76 77 77 77 78 77 78 78 77 78 79 78 78 79 79 79 80 79 80 80 79 80 81 80 80 81 81 81 61 81 61 82 81 82 82 82 61 83 82 83 60 83 60 84 82 84 83 84 60 85 83 85 62 85 71 86 70 86 84 86 84 87 70 87 85 87 84 88 85 88 86 88 86 89 85 89 87 89 86 90 87 90 88 90 88 91 87 91 89 91 89 92 87 92 90 92 89 93 90 93 91 93 91 94 90 94 92 94 91 95 92 95 93 95 93 96 92 96 94 96 93 97 94 97 95 97 95 98 94 98 96 98 96 99 94 99 97 99 96 100 97 100 98 100 98 101 97 101 99 101 98 102 99 102 100 102 100 103 99 103 101 103 101 104 99 104 102 104 101 105 102 105 103 105 103 106 102 106 104 106 103 107 104 107 105 107 105 108 104 108 106 108 105 109 106 109 107 109 73 110 108 110 56 110 56 111 108 111 109 111 56 112 109 112 110 112 110 113 109 113 111 113 110 114 111 114 112 114 112 115 111 115 113 115 112 116 113 116 114 116 114 117 113 117 66 117 114 118 66 118 115 118 115 119 66 119 68 119 107 120 106 120 116 120 116 121 106 121 117 121 116 122 117 122 118 122 118 123 117 123 119 123 118 124 119 124 57 124 57 125 119 125 120 125 57 126 120 126 55 126 119 127 121 127 120 127 120 128 121 128 122 128 120 129 122 129 58 129 58 130 122 130 123 130 58 131 123 131 59 131 59 132 123 132 124 132 71 133 125 133 69 133 69 134 125 134 126 134 69 135 126 135 127 135 127 136 126 136 128 136 127 137 128 137 129 137 129 138 128 138 130 138 129 139 130 139 124 139 124 140 130 140 131 140 124 141 131 141 59 141 132 142 133 142 134 142 134 143 133 143 135 143 134 144 135 144 136 144 135 145 137 145 136 145 136 146 137 146 138 146 136 147 138 147 139 147 139 148 138 148 140 148 139 149 140 149 141 149 140 150 142 150 141 150 141 151 142 151 143 151 141 152 143 152 144 152 144 153 143 153 145 153 144 154 145 154 146 154 147 155 148 155 149 155 149 156 148 156 150 156 149 157 150 157 151 157 152 158 153 158 154 158 154 159 153 159 155 159 154 160 155 160 156 160 155 161 157 161 156 161 156 162 157 162 158 162 156 163 158 163 159 163 159 164 158 164 160 164 159 165 160 165 161 165 161 166 160 166 162 166 161 167 162 167 163 167 150 168 164 168 151 168 151 169 164 169 165 169 151 170 165 170 166 170 166 171 165 171 167 171 166 172 167 172 168 172 168 173 167 173 169 173 168 174 169 174 152 174 152 175 169 175 170 175 152 176 170 176 153 176 162 177 171 177 163 177 163 178 171 178 172 178 163 179 172 179 173 179 173 180 172 180 174 180 173 181 174 181 175 181 176 182 177 182 178 182 178 183 177 183 179 183 178 184 179 184 180 184 180 185 179 185 181 185 180 186 181 186 147 186 147 187 181 187 182 187 147 188 182 188 148 188 174 189 183 189 175 189 175 190 183 190 184 190 175 191 184 191 185 191 185 192 184 192 186 192 185 193 186 193 187 193 187 194 186 194 188 194 187 195 188 195 189 195 188 196 190 196 189 196 189 197 190 197 191 197 189 198 191 198 192 198 192 199 191 199 193 199 194 200 195 200 196 200 196 201 195 201 197 201 196 202 197 202 132 202 132 203 197 203 198 203 132 204 198 204 133 204 145 205 199 205 146 205 146 206 199 206 200 206 146 207 200 207 201 207 201 208 200 208 202 208 201 209 202 209 203 209 203 210 202 210 204 210 203 211 204 211 176 211 176 212 204 212 205 212 176 213 205 213 177 213 206 214 207 214 193 214 193 215 207 215 208 215 193 216 208 216 192 216 206 217 209 217 207 217 207 218 209 218 210 218 207 219 210 219 211 219 211 220 210 220 212 220 211 221 212 221 213 221 213 222 212 222 214 222 213 223 214 223 194 223 194 224 214 224 215 224 194 225 215 225 195 225 104 226 216 226 106 226 106 227 216 227 217 227 106 228 217 228 117 228 117 229 217 229 218 229 117 230 218 230 119 230 119 231 218 231 219 231 119 232 219 232 121 232 121 233 219 233 220 233 121 234 220 234 122 234 122 235 220 235 221 235 122 236 221 236 123 236 123 237 221 237 222 237 123 238 222 238 124 238 124 239 222 239 223 239 124 240 223 240 129 240 129 241 223 241 224 241 129 242 224 242 127 242 127 243 224 243 225 243 127 244 225 244 69 244 69 245 225 245 226 245 69 246 226 246 70 246 70 247 226 247 227 247 70 248 227 248 85 248 85 249 227 249 228 249 85 250 228 250 87 250 87 251 228 251 229 251 87 252 229 252 90 252 90 253 229 253 230 253 90 254 230 254 92 254 92 255 230 255 231 255 92 256 231 256 94 256 94 257 231 257 232 257 94 258 232 258 97 258 97 259 232 259 233 259 97 260 233 260 99 260 99 261 233 261 234 261 99 262 234 262 102 262 102 263 234 263 235 263 102 264 235 264 104 264 104 265 235 265 216 265 236 266 237 266 238 266 236 267 238 267 239 267 239 268 238 268 240 268 239 269 240 269 241 269 241 270 240 270 242 270 241 271 242 271 243 271 243 272 242 272 244 272 243 273 244 273 245 273 245 274 244 274 246 274 245 275 246 275 247 275 247 276 246 276 248 276 247 277 248 277 249 277 249 278 248 278 250 278 249 279 250 279 251 279 251 280 250 280 252 280 251 281 252 281 253 281 253 282 252 282 254 282 253 283 254 283 255 283 255 284 254 284 256 284 255 285 256 285 257 285 258 286 257 286 259 286 259 287 257 287 256 287 258 288 259 288 260 288 260 289 259 289 261 289 260 290 261 290 262 290 262 291 261 291 263 291 262 292 263 292 264 292 264 293 263 293 265 293 264 294 265 294 266 294 264 295 266 295 267 295 267 296 266 296 268 296 267 297 268 297 269 297 269 298 268 298 270 298 269 299 270 299 271 299 271 300 270 300 272 300 271 301 272 301 273 301 273 302 272 302 274 302 273 303 274 303 275 303 275 304 274 304 276 304 275 305 276 305 277 305 277 306 276 306 278 306 277 307 278 307 279 307 279 308 278 308 280 308 279 309 280 309 281 309 281 310 280 310 282 310 281 311 282 311 283 311 283 312 282 312 284 312 283 313 284 313 285 313 285 314 284 314 286 314 285 315 286 315 287 315 287 316 286 316 288 316 287 317 288 317 289 317 289 318 288 318 290 318 289 319 290 319 291 319 291 320 290 320 292 320 291 321 292 321 293 321 293 322 292 322 294 322 293 323 294 323 295 323 295 324 294 324 296 324 295 325 296 325 297 325 297 326 296 326 298 326 297 327 298 327 299 327 299 328 298 328 300 328 300 329 298 329 301 329 300 330 301 330 302 330 302 331 301 331 303 331 302 332 303 332 304 332 304 333 303 333 305 333 236 334 304 334 237 334 237 335 304 335 305 335 253 336 306 336 251 336 251 337 306 337 307 337 251 338 307 338 249 338 245 339 308 339 243 339 243 340 308 340 309 340 243 341 309 341 241 341 307 342 310 342 249 342 249 343 310 343 311 343 249 344 311 344 247 344 247 345 311 345 312 345 247 346 312 346 245 346 245 347 312 347 313 347 245 348 313 348 308 348 299 349 314 349 297 349 297 350 314 350 315 350 297 351 315 351 295 351 289 352 316 352 287 352 287 353 316 353 317 353 287 354 317 354 285 354 279 355 318 355 277 355 277 356 318 356 319 356 277 357 319 357 275 357 315 358 320 358 295 358 295 359 320 359 321 359 295 360 321 360 293 360 293 361 321 361 322 361 293 362 322 362 291 362 291 363 322 363 323 363 291 364 323 364 289 364 289 365 323 365 324 365 289 366 324 366 316 366 317 367 325 367 285 367 285 368 325 368 326 368 285 369 326 369 283 369 283 370 326 370 327 370 283 371 327 371 281 371 281 372 327 372 328 372 281 373 328 373 279 373 279 374 328 374 329 374 279 375 329 375 318 375 304 376 330 376 302 376 302 377 330 377 331 377 302 378 331 378 300 378 300 379 331 379 332 379 300 380 332 380 299 380 299 381 332 381 333 381 299 382 333 382 314 382 319 383 334 383 275 383 275 384 334 384 335 384 275 385 335 385 273 385 273 386 335 386 336 386 273 387 336 387 271 387 271 388 336 388 337 388 271 389 337 389 269 389 309 390 338 390 241 390 241 391 338 391 339 391 241 392 339 392 239 392 239 393 339 393 340 393 239 394 340 394 236 394 236 395 340 395 341 395 236 396 341 396 304 396 304 397 341 397 342 397 304 398 342 398 330 398 337 399 343 399 269 399 269 400 343 400 344 400 269 401 344 401 267 401 267 402 344 402 345 402 257 403 346 403 255 403 255 404 346 404 347 404 255 405 347 405 253 405 253 406 347 406 348 406 253 407 348 407 306 407 349 408 262 408 345 408 345 409 262 409 264 409 345 410 264 410 267 410 349 411 350 411 262 411 262 412 350 412 351 412 262 413 351 413 260 413 260 414 351 414 352 414 260 415 352 415 258 415 258 416 352 416 353 416 258 417 353 417 257 417 257 418 353 418 354 418 257 419 354 419 346 419 355 420 259 420 356 420 356 421 259 421 256 421 230 422 229 422 284 422 232 423 274 423 233 423 233 424 274 424 272 424 233 425 272 425 234 425 234 426 272 426 270 426 234 427 270 427 235 427 357 428 358 428 254 428 284 429 229 429 286 429 286 430 229 430 228 430 286 431 228 431 288 431 288 432 228 432 227 432 288 433 227 433 290 433 290 434 227 434 292 434 292 435 227 435 226 435 292 436 226 436 294 436 294 437 226 437 225 437 294 438 225 438 296 438 296 439 225 439 224 439 296 440 224 440 298 440 359 441 360 441 356 441 356 442 360 442 361 442 356 443 361 443 362 443 361 444 363 444 362 444 362 445 363 445 364 445 362 446 364 446 365 446 284 447 282 447 230 447 230 448 282 448 280 448 230 449 280 449 231 449 231 450 280 450 278 450 231 451 278 451 232 451 232 452 278 452 276 452 232 453 276 453 274 453 270 454 268 454 235 454 235 455 268 455 266 455 235 456 266 456 216 456 216 457 266 457 265 457 216 458 265 458 217 458 217 459 265 459 263 459 217 460 263 460 218 460 254 461 358 461 256 461 256 462 358 462 366 462 256 463 366 463 356 463 356 464 366 464 367 464 356 465 367 465 359 465 298 466 224 466 301 466 301 467 224 467 223 467 301 468 223 468 303 468 303 469 223 469 222 469 303 470 222 470 305 470 222 471 368 471 305 471 305 472 368 472 362 472 305 473 362 473 237 473 237 474 362 474 365 474 263 475 261 475 218 475 218 476 261 476 259 476 218 477 259 477 219 477 219 478 259 478 355 478 219 479 355 479 220 479 220 480 355 480 368 480 220 481 368 481 221 481 221 482 368 482 222 482 254 483 252 483 357 483 357 484 252 484 250 484 357 485 250 485 369 485 369 486 250 486 248 486 369 487 248 487 370 487 370 488 248 488 246 488 370 489 246 489 371 489 371 490 246 490 244 490 371 491 244 491 372 491 372 492 244 492 242 492 372 493 242 493 373 493 373 494 242 494 240 494 373 495 240 495 374 495 374 496 240 496 238 496 374 497 238 497 375 497 375 498 238 498 237 498 375 499 237 499 376 499 376 500 237 500 365 500 374 501 375 501 82 501 82 502 375 502 83 502 375 503 376 503 83 503 83 504 376 504 365 504 83 505 365 505 62 505 62 506 365 506 364 506 62 507 364 507 63 507 63 508 364 508 363 508 63 509 363 509 64 509 64 510 363 510 361 510 64 511 361 511 65 511 65 512 361 512 360 512 65 513 360 513 72 513 72 514 360 514 359 514 72 515 359 515 73 515 73 516 359 516 367 516 73 517 367 517 108 517 108 518 367 518 366 518 108 519 366 519 109 519 109 520 366 520 358 520 109 521 358 521 111 521 111 522 358 522 357 522 111 523 357 523 113 523 113 524 357 524 369 524 113 525 369 525 66 525 66 526 369 526 370 526 66 527 370 527 67 527 67 528 370 528 371 528 67 529 371 529 75 529 75 530 371 530 372 530 75 531 372 531 77 531 77 532 372 532 373 532 77 533 373 533 79 533 79 534 373 534 374 534 79 535 374 535 81 535 81 536 374 536 82 536 377 537 378 537 379 537 379 538 378 538 380 538 379 539 380 539 381 539 377 540 382 540 378 540 378 541 382 541 383 541 378 542 383 542 384 542 385 543 386 543 387 543 383 544 388 544 384 544 384 545 388 545 389 545 384 546 389 546 387 546 387 547 389 547 390 547 387 548 390 548 385 548 391 549 392 549 393 549 393 550 392 550 386 550 393 551 386 551 394 551 394 552 386 552 385 552 395 553 396 553 397 553 391 554 398 554 392 554 392 555 398 555 399 555 392 556 399 556 397 556 397 557 399 557 400 557 397 558 400 558 395 558 401 559 402 559 403 559 403 560 402 560 396 560 403 561 396 561 404 561 404 562 396 562 395 562 405 563 406 563 407 563 407 564 406 564 402 564 407 565 402 565 408 565 408 566 402 566 401 566 409 567 410 567 405 567 405 568 410 568 406 568 410 569 409 569 411 569 410 570 411 570 412 570 412 571 411 571 413 571 412 572 413 572 414 572 415 573 416 573 417 573 417 574 416 574 414 574 417 575 414 575 418 575 418 576 414 576 413 576 419 577 420 577 421 577 421 578 420 578 416 578 421 579 416 579 415 579 419 580 422 580 420 580 420 581 422 581 423 581 420 582 423 582 424 582 425 583 426 583 427 583 427 584 426 584 424 584 427 585 424 585 428 585 428 586 424 586 423 586 425 587 429 587 426 587 426 588 429 588 430 588 426 589 430 589 431 589 432 590 433 590 434 590 434 591 433 591 431 591 434 592 431 592 435 592 435 593 431 593 430 593 432 594 436 594 433 594 433 595 436 595 437 595 433 596 437 596 438 596 439 597 440 597 441 597 441 598 440 598 438 598 441 599 438 599 442 599 442 600 438 600 437 600 439 601 443 601 440 601 440 602 443 602 444 602 440 603 444 603 445 603 445 604 444 604 446 604 446 605 447 605 445 605 445 606 447 606 448 606 445 607 448 607 449 607 450 608 451 608 452 608 452 609 451 609 449 609 452 610 449 610 453 610 453 611 449 611 448 611 450 612 454 612 451 612 451 613 454 613 455 613 451 614 455 614 456 614 457 615 458 615 459 615 459 616 458 616 456 616 459 617 456 617 460 617 460 618 456 618 455 618 457 619 461 619 458 619 458 620 461 620 462 620 458 621 462 621 463 621 464 622 465 622 466 622 466 623 465 623 463 623 466 624 463 624 467 624 467 625 463 625 462 625 468 626 469 626 470 626 470 627 469 627 465 627 470 628 465 628 471 628 471 629 465 629 464 629 469 630 468 630 472 630 469 631 472 631 473 631 473 632 472 632 474 632 473 633 474 633 475 633 476 634 477 634 478 634 478 635 477 635 475 635 478 636 475 636 479 636 479 637 475 637 474 637 381 638 380 638 476 638 476 639 380 639 477 639 384 640 387 640 480 640 481 641 482 641 458 641 458 642 463 642 481 642 481 643 463 643 465 643 481 644 465 644 483 644 483 645 465 645 469 645 483 646 469 646 473 646 484 647 451 647 482 647 482 648 451 648 456 648 482 649 456 649 458 649 438 650 485 650 433 650 433 651 485 651 486 651 473 652 475 652 483 652 483 653 475 653 477 653 483 654 477 654 487 654 487 655 477 655 380 655 487 656 380 656 488 656 488 657 380 657 489 657 438 658 440 658 485 658 485 659 440 659 445 659 485 660 445 660 484 660 484 661 445 661 449 661 484 662 449 662 451 662 490 663 426 663 486 663 486 664 426 664 431 664 486 665 431 665 433 665 406 666 491 666 402 666 402 667 491 667 492 667 402 668 492 668 396 668 493 669 420 669 490 669 490 670 420 670 424 670 490 671 424 671 426 671 387 672 386 672 480 672 480 673 386 673 392 673 480 674 392 674 492 674 492 675 392 675 397 675 492 676 397 676 396 676 412 677 414 677 493 677 493 678 414 678 416 678 493 679 416 679 420 679 489 680 380 680 480 680 480 681 380 681 378 681 480 682 378 682 384 682 412 683 493 683 410 683 410 684 493 684 494 684 410 685 494 685 406 685 406 686 494 686 495 686 406 687 495 687 491 687 496 688 497 688 498 688 499 689 500 689 501 689 502 690 468 690 470 690 314 691 333 691 503 691 504 692 505 692 506 692 506 693 505 693 507 693 506 694 507 694 508 694 509 695 510 695 345 695 345 696 510 696 511 696 345 697 511 697 349 697 512 698 513 698 514 698 515 699 516 699 517 699 518 700 519 700 520 700 500 701 502 701 501 701 501 702 502 702 470 702 501 703 470 703 521 703 470 704 471 704 521 704 521 705 471 705 464 705 521 706 464 706 522 706 464 707 466 707 522 707 522 708 466 708 467 708 522 709 467 709 523 709 523 710 467 710 462 710 523 711 462 711 524 711 462 712 461 712 524 712 524 713 461 713 457 713 524 714 457 714 525 714 457 715 459 715 525 715 525 716 459 716 460 716 525 717 460 717 526 717 526 718 460 718 455 718 526 719 455 719 527 719 455 720 454 720 527 720 527 721 454 721 450 721 527 722 450 722 528 722 528 723 450 723 452 723 528 724 452 724 529 724 452 725 453 725 529 725 529 726 453 726 448 726 529 727 448 727 530 727 448 728 447 728 530 728 530 729 447 729 446 729 530 730 446 730 531 730 531 731 446 731 444 731 531 732 444 732 532 732 444 733 443 733 532 733 532 734 443 734 439 734 532 735 439 735 533 735 439 736 441 736 533 736 533 737 441 737 442 737 533 738 442 738 534 738 534 739 442 739 437 739 534 740 437 740 535 740 437 741 436 741 535 741 535 742 436 742 432 742 535 743 432 743 536 743 536 744 432 744 434 744 536 745 434 745 537 745 434 746 435 746 537 746 537 747 435 747 430 747 537 748 430 748 538 748 430 749 429 749 538 749 538 750 429 750 425 750 538 751 425 751 539 751 539 752 425 752 427 752 539 753 427 753 540 753 427 754 428 754 540 754 540 755 428 755 423 755 540 756 423 756 541 756 415 757 518 757 421 757 421 758 518 758 520 758 421 759 520 759 419 759 419 760 520 760 541 760 419 761 541 761 422 761 422 762 541 762 423 762 519 763 515 763 520 763 520 764 515 764 517 764 520 765 517 765 541 765 541 766 517 766 542 766 541 767 542 767 540 767 540 768 542 768 543 768 540 769 543 769 539 769 539 770 543 770 544 770 539 771 544 771 538 771 538 772 544 772 545 772 538 773 545 773 537 773 537 774 545 774 546 774 537 775 546 775 536 775 536 776 546 776 547 776 536 777 547 777 535 777 535 778 547 778 548 778 535 779 548 779 534 779 534 780 548 780 549 780 534 781 549 781 533 781 533 782 549 782 550 782 533 783 550 783 532 783 532 784 550 784 551 784 532 785 551 785 531 785 531 786 551 786 552 786 531 787 552 787 530 787 530 788 552 788 553 788 530 789 553 789 529 789 529 790 553 790 554 790 529 791 554 791 528 791 528 792 554 792 555 792 528 793 555 793 527 793 527 794 555 794 556 794 527 795 556 795 526 795 526 796 556 796 557 796 526 797 557 797 525 797 525 798 557 798 558 798 525 799 558 799 524 799 524 800 558 800 559 800 524 801 559 801 523 801 523 802 559 802 560 802 523 803 560 803 522 803 522 804 560 804 561 804 522 805 561 805 521 805 521 806 561 806 562 806 521 807 562 807 501 807 501 808 562 808 498 808 501 809 498 809 499 809 499 810 498 810 497 810 516 811 512 811 517 811 517 812 512 812 514 812 517 813 514 813 542 813 542 814 514 814 563 814 542 815 563 815 543 815 543 816 563 816 564 816 543 817 564 817 544 817 544 818 564 818 565 818 544 819 565 819 545 819 545 820 565 820 566 820 545 821 566 821 546 821 546 822 566 822 567 822 546 823 567 823 547 823 547 824 567 824 568 824 547 825 568 825 548 825 548 826 568 826 569 826 548 827 569 827 549 827 549 828 569 828 570 828 549 829 570 829 550 829 550 830 570 830 571 830 550 831 571 831 551 831 551 832 571 832 572 832 551 833 572 833 552 833 552 834 572 834 573 834 552 835 573 835 553 835 553 836 573 836 574 836 553 837 574 837 554 837 554 838 574 838 575 838 554 839 575 839 555 839 555 840 575 840 576 840 555 841 576 841 556 841 556 842 576 842 577 842 556 843 577 843 557 843 557 844 577 844 578 844 557 845 578 845 558 845 558 846 578 846 579 846 558 847 579 847 559 847 559 848 579 848 580 848 559 849 580 849 560 849 560 850 580 850 581 850 560 851 581 851 561 851 561 852 581 852 582 852 561 853 582 853 562 853 562 854 582 854 583 854 562 855 583 855 498 855 498 856 583 856 506 856 498 857 506 857 496 857 496 858 506 858 508 858 513 859 509 859 514 859 514 860 509 860 345 860 514 861 345 861 563 861 563 862 345 862 344 862 563 863 344 863 564 863 564 864 344 864 343 864 564 865 343 865 565 865 565 866 343 866 337 866 565 867 337 867 566 867 566 868 337 868 336 868 566 869 336 869 567 869 567 870 336 870 335 870 567 871 335 871 568 871 568 872 335 872 334 872 568 873 334 873 569 873 569 874 334 874 319 874 569 875 319 875 570 875 570 876 319 876 318 876 570 877 318 877 571 877 571 878 318 878 329 878 571 879 329 879 572 879 572 880 329 880 328 880 572 881 328 881 573 881 573 882 328 882 327 882 573 883 327 883 574 883 574 884 327 884 326 884 574 885 326 885 575 885 575 886 326 886 325 886 575 887 325 887 576 887 576 888 325 888 317 888 576 889 317 889 577 889 577 890 317 890 316 890 577 891 316 891 578 891 578 892 316 892 324 892 578 893 324 893 579 893 579 894 324 894 323 894 579 895 323 895 580 895 580 896 323 896 322 896 580 897 322 897 581 897 581 898 322 898 321 898 581 899 321 899 582 899 582 900 321 900 320 900 582 901 320 901 583 901 583 902 320 902 315 902 583 903 315 903 506 903 506 904 315 904 314 904 506 905 314 905 504 905 504 906 314 906 503 906 502 907 500 907 584 907 503 908 333 908 332 908 585 909 586 909 587 909 588 910 589 910 590 910 590 911 589 911 591 911 592 912 593 912 594 912 594 913 593 913 595 913 594 914 595 914 596 914 330 915 342 915 597 915 508 916 507 916 598 916 598 917 507 917 505 917 503 918 332 918 504 918 499 919 497 919 599 919 599 920 497 920 496 920 597 921 592 921 330 921 330 922 592 922 594 922 330 923 594 923 331 923 331 924 594 924 600 924 331 925 600 925 332 925 332 926 600 926 598 926 332 927 598 927 504 927 504 928 598 928 505 928 596 929 585 929 594 929 594 930 585 930 587 930 594 931 587 931 600 931 600 932 587 932 601 932 600 933 601 933 598 933 598 934 601 934 599 934 598 935 599 935 508 935 508 936 599 936 496 936 586 937 588 937 587 937 587 938 588 938 590 938 587 939 590 939 601 939 601 940 590 940 602 940 601 941 602 941 599 941 599 942 602 942 584 942 599 943 584 943 499 943 499 944 584 944 500 944 468 945 502 945 472 945 472 946 502 946 584 946 472 947 584 947 474 947 474 948 584 948 602 948 474 949 602 949 479 949 479 950 602 950 590 950 479 951 590 951 478 951 478 952 590 952 591 952 478 953 591 953 476 953 510 954 509 954 603 954 513 955 512 955 604 955 605 956 606 956 607 956 608 957 609 957 610 957 611 958 612 958 613 958 614 959 353 959 352 959 614 960 352 960 615 960 611 961 613 961 616 961 608 962 610 962 617 962 411 963 409 963 618 963 516 964 515 964 619 964 619 965 515 965 519 965 619 966 519 966 518 966 350 967 349 967 511 967 511 968 510 968 350 968 350 969 510 969 603 969 350 970 603 970 351 970 351 971 603 971 620 971 351 972 620 972 352 972 352 973 620 973 613 973 352 974 613 974 615 974 615 975 613 975 612 975 509 976 513 976 603 976 603 977 513 977 604 977 603 978 604 978 620 978 620 979 604 979 621 979 620 980 621 980 613 980 613 981 621 981 610 981 613 982 610 982 616 982 616 983 610 983 609 983 512 984 516 984 604 984 604 985 516 985 619 985 604 986 619 986 621 986 621 987 619 987 622 987 621 988 622 988 610 988 610 989 622 989 607 989 610 990 607 990 617 990 617 991 607 991 606 991 618 992 605 992 411 992 411 993 605 993 607 993 411 994 607 994 413 994 413 995 607 995 622 995 413 996 622 996 418 996 418 997 622 997 619 997 418 998 619 998 417 998 417 999 619 999 518 999 417 1000 518 1000 415 1000 596 1001 595 1001 623 1001 586 1002 623 1002 624 1002 381 1003 476 1003 625 1003 625 1004 476 1004 591 1004 625 1005 591 1005 626 1005 626 1006 591 1006 589 1006 626 1007 589 1007 627 1007 627 1008 589 1008 588 1008 627 1009 588 1009 628 1009 628 1010 588 1010 586 1010 628 1011 586 1011 629 1011 629 1012 586 1012 624 1012 623 1013 586 1013 585 1013 623 1014 585 1014 596 1014 593 1015 341 1015 595 1015 595 1016 341 1016 630 1016 630 1017 631 1017 595 1017 595 1018 631 1018 632 1018 595 1019 632 1019 623 1019 593 1020 592 1020 341 1020 341 1021 592 1021 597 1021 341 1022 597 1022 342 1022 354 1023 353 1023 614 1023 614 1024 615 1024 354 1024 354 1025 615 1025 612 1025 354 1026 612 1026 633 1026 633 1027 612 1027 611 1027 633 1028 611 1028 634 1028 634 1029 611 1029 635 1029 611 1030 616 1030 635 1030 635 1031 616 1031 609 1031 635 1032 609 1032 636 1032 636 1033 609 1033 608 1033 636 1034 608 1034 637 1034 637 1035 608 1035 617 1035 637 1036 617 1036 638 1036 638 1037 617 1037 639 1037 617 1038 606 1038 639 1038 639 1039 606 1039 605 1039 639 1040 605 1040 640 1040 640 1041 605 1041 618 1041 640 1042 618 1042 641 1042 409 1043 405 1043 618 1043 618 1044 405 1044 642 1044 618 1045 642 1045 641 1045 634 1046 635 1046 643 1046 636 1047 637 1047 644 1047 639 1048 640 1048 645 1048 642 1049 405 1049 407 1049 642 1050 407 1050 641 1050 639 1051 645 1051 638 1051 346 1052 354 1052 633 1052 632 1053 631 1053 340 1053 340 1054 631 1054 630 1054 340 1055 630 1055 341 1055 628 1056 629 1056 646 1056 629 1057 624 1057 646 1057 646 1058 624 1058 623 1058 626 1059 627 1059 647 1059 381 1060 625 1060 648 1060 640 1061 641 1061 645 1061 645 1062 641 1062 407 1062 645 1063 407 1063 649 1063 407 1064 408 1064 649 1064 649 1065 408 1065 401 1065 649 1066 401 1066 650 1066 401 1067 403 1067 650 1067 650 1068 403 1068 404 1068 650 1069 404 1069 651 1069 651 1070 404 1070 395 1070 651 1071 395 1071 652 1071 652 1072 395 1072 400 1072 652 1073 400 1073 653 1073 653 1074 400 1074 399 1074 653 1075 399 1075 654 1075 399 1076 398 1076 654 1076 654 1077 398 1077 391 1077 654 1078 391 1078 655 1078 391 1079 393 1079 655 1079 655 1080 393 1080 394 1080 655 1081 394 1081 656 1081 656 1082 394 1082 385 1082 656 1083 385 1083 657 1083 657 1084 385 1084 390 1084 657 1085 390 1085 658 1085 658 1086 390 1086 389 1086 658 1087 389 1087 659 1087 389 1088 388 1088 659 1088 659 1089 388 1089 383 1089 659 1090 383 1090 660 1090 383 1091 382 1091 660 1091 660 1092 382 1092 377 1092 660 1093 377 1093 648 1093 648 1094 377 1094 379 1094 648 1095 379 1095 381 1095 625 1096 626 1096 648 1096 648 1097 626 1097 647 1097 648 1098 647 1098 660 1098 660 1099 647 1099 661 1099 660 1100 661 1100 659 1100 659 1101 661 1101 662 1101 659 1102 662 1102 658 1102 658 1103 662 1103 663 1103 658 1104 663 1104 657 1104 657 1105 663 1105 664 1105 657 1106 664 1106 656 1106 656 1107 664 1107 665 1107 656 1108 665 1108 655 1108 655 1109 665 1109 666 1109 655 1110 666 1110 654 1110 654 1111 666 1111 667 1111 654 1112 667 1112 653 1112 653 1113 667 1113 668 1113 653 1114 668 1114 652 1114 652 1115 668 1115 669 1115 652 1116 669 1116 651 1116 651 1117 669 1117 670 1117 651 1118 670 1118 650 1118 650 1119 670 1119 671 1119 650 1120 671 1120 649 1120 649 1121 671 1121 672 1121 649 1122 672 1122 645 1122 645 1123 672 1123 644 1123 645 1124 644 1124 638 1124 638 1125 644 1125 637 1125 627 1126 628 1126 647 1126 647 1127 628 1127 646 1127 647 1128 646 1128 661 1128 661 1129 646 1129 673 1129 661 1130 673 1130 662 1130 662 1131 673 1131 674 1131 662 1132 674 1132 663 1132 663 1133 674 1133 675 1133 663 1134 675 1134 664 1134 664 1135 675 1135 676 1135 664 1136 676 1136 665 1136 665 1137 676 1137 677 1137 665 1138 677 1138 666 1138 666 1139 677 1139 678 1139 666 1140 678 1140 667 1140 667 1141 678 1141 679 1141 667 1142 679 1142 668 1142 668 1143 679 1143 680 1143 668 1144 680 1144 669 1144 669 1145 680 1145 681 1145 669 1146 681 1146 670 1146 670 1147 681 1147 682 1147 670 1148 682 1148 671 1148 671 1149 682 1149 683 1149 671 1150 683 1150 672 1150 672 1151 683 1151 684 1151 672 1152 684 1152 644 1152 644 1153 684 1153 643 1153 644 1154 643 1154 636 1154 636 1155 643 1155 635 1155 623 1156 632 1156 646 1156 646 1157 632 1157 340 1157 646 1158 340 1158 673 1158 673 1159 340 1159 339 1159 673 1160 339 1160 674 1160 674 1161 339 1161 338 1161 674 1162 338 1162 675 1162 675 1163 338 1163 309 1163 675 1164 309 1164 676 1164 676 1165 309 1165 308 1165 676 1166 308 1166 677 1166 677 1167 308 1167 313 1167 677 1168 313 1168 678 1168 678 1169 313 1169 312 1169 678 1170 312 1170 679 1170 679 1171 312 1171 311 1171 679 1172 311 1172 680 1172 680 1173 311 1173 310 1173 680 1174 310 1174 681 1174 681 1175 310 1175 307 1175 681 1176 307 1176 682 1176 682 1177 307 1177 306 1177 682 1178 306 1178 683 1178 683 1179 306 1179 348 1179 683 1180 348 1180 684 1180 684 1181 348 1181 347 1181 684 1182 347 1182 643 1182 643 1183 347 1183 346 1183 643 1184 346 1184 634 1184 634 1185 346 1185 633 1185 203 1186 56 1186 110 1186 203 1187 110 1187 201 1187 201 1188 110 1188 112 1188 201 1189 112 1189 146 1189 146 1190 112 1190 114 1190 146 1191 114 1191 144 1191 144 1192 114 1192 115 1192 144 1193 115 1193 141 1193 141 1194 115 1194 68 1194 141 1195 68 1195 139 1195 139 1196 68 1196 74 1196 139 1197 74 1197 136 1197 136 1198 74 1198 76 1198 136 1199 76 1199 134 1199 134 1200 76 1200 78 1200 134 1201 78 1201 132 1201 132 1202 78 1202 80 1202 132 1203 80 1203 196 1203 196 1204 80 1204 61 1204 196 1205 61 1205 194 1205 213 1206 194 1206 59 1206 59 1207 194 1207 61 1207 213 1208 59 1208 211 1208 211 1209 59 1209 131 1209 211 1210 131 1210 207 1210 207 1211 131 1211 130 1211 207 1212 130 1212 208 1212 208 1213 130 1213 128 1213 208 1214 128 1214 126 1214 208 1215 126 1215 192 1215 192 1216 126 1216 125 1216 192 1217 125 1217 189 1217 189 1218 125 1218 71 1218 189 1219 71 1219 187 1219 187 1220 71 1220 84 1220 187 1221 84 1221 185 1221 185 1222 84 1222 86 1222 185 1223 86 1223 175 1223 175 1224 86 1224 88 1224 175 1225 88 1225 173 1225 173 1226 88 1226 89 1226 173 1227 89 1227 163 1227 163 1228 89 1228 91 1228 163 1229 91 1229 161 1229 161 1230 91 1230 93 1230 161 1231 93 1231 159 1231 159 1232 93 1232 95 1232 159 1233 95 1233 156 1233 156 1234 95 1234 96 1234 156 1235 96 1235 154 1235 154 1236 96 1236 98 1236 154 1237 98 1237 152 1237 152 1238 98 1238 100 1238 152 1239 100 1239 168 1239 168 1240 100 1240 101 1240 168 1241 101 1241 166 1241 166 1242 101 1242 103 1242 166 1243 103 1243 151 1243 151 1244 103 1244 105 1244 151 1245 105 1245 149 1245 149 1246 105 1246 107 1246 149 1247 107 1247 147 1247 147 1248 107 1248 180 1248 180 1249 107 1249 116 1249 180 1250 116 1250 178 1250 178 1251 116 1251 118 1251 178 1252 118 1252 176 1252 176 1253 118 1253 57 1253 203 1254 176 1254 56 1254 56 1255 176 1255 57 1255 685 1256 686 1256 687 1256 687 1257 686 1257 688 1257 687 1258 688 1258 689 1258 685 1259 690 1259 686 1259 686 1260 690 1260 691 1260 686 1261 691 1261 692 1261 693 1262 694 1262 695 1262 691 1263 696 1263 692 1263 692 1264 696 1264 697 1264 692 1265 697 1265 695 1265 695 1266 697 1266 698 1266 695 1267 698 1267 693 1267 699 1268 700 1268 701 1268 701 1269 700 1269 694 1269 701 1270 694 1270 702 1270 702 1271 694 1271 693 1271 703 1272 704 1272 705 1272 699 1273 706 1273 700 1273 700 1274 706 1274 707 1274 700 1275 707 1275 705 1275 705 1276 707 1276 708 1276 705 1277 708 1277 703 1277 709 1278 710 1278 711 1278 711 1279 710 1279 704 1279 711 1280 704 1280 712 1280 712 1281 704 1281 703 1281 713 1282 714 1282 715 1282 715 1283 714 1283 710 1283 715 1284 710 1284 716 1284 716 1285 710 1285 709 1285 717 1286 718 1286 713 1286 713 1287 718 1287 714 1287 718 1288 717 1288 719 1288 718 1289 719 1289 720 1289 720 1290 719 1290 721 1290 720 1291 721 1291 722 1291 723 1292 724 1292 725 1292 725 1293 724 1293 722 1293 725 1294 722 1294 726 1294 726 1295 722 1295 721 1295 727 1296 728 1296 729 1296 729 1297 728 1297 724 1297 729 1298 724 1298 723 1298 727 1299 730 1299 728 1299 728 1300 730 1300 731 1300 728 1301 731 1301 732 1301 733 1302 734 1302 735 1302 735 1303 734 1303 732 1303 735 1304 732 1304 736 1304 736 1305 732 1305 731 1305 733 1306 737 1306 734 1306 734 1307 737 1307 738 1307 734 1308 738 1308 739 1308 740 1309 741 1309 742 1309 742 1310 741 1310 739 1310 742 1311 739 1311 743 1311 743 1312 739 1312 738 1312 740 1313 744 1313 741 1313 741 1314 744 1314 745 1314 741 1315 745 1315 746 1315 747 1316 748 1316 749 1316 749 1317 748 1317 746 1317 749 1318 746 1318 750 1318 750 1319 746 1319 745 1319 747 1320 751 1320 748 1320 748 1321 751 1321 752 1321 748 1322 752 1322 753 1322 753 1323 752 1323 754 1323 754 1324 755 1324 753 1324 753 1325 755 1325 756 1325 753 1326 756 1326 757 1326 758 1327 759 1327 760 1327 760 1328 759 1328 757 1328 760 1329 757 1329 761 1329 761 1330 757 1330 756 1330 758 1331 762 1331 759 1331 759 1332 762 1332 763 1332 759 1333 763 1333 764 1333 765 1334 766 1334 767 1334 767 1335 766 1335 764 1335 767 1336 764 1336 768 1336 768 1337 764 1337 763 1337 765 1338 769 1338 766 1338 766 1339 769 1339 770 1339 766 1340 770 1340 771 1340 772 1341 773 1341 774 1341 774 1342 773 1342 771 1342 774 1343 771 1343 775 1343 775 1344 771 1344 770 1344 776 1345 777 1345 778 1345 778 1346 777 1346 773 1346 778 1347 773 1347 779 1347 779 1348 773 1348 772 1348 777 1349 776 1349 780 1349 777 1350 780 1350 781 1350 781 1351 780 1351 782 1351 781 1352 782 1352 783 1352 784 1353 785 1353 786 1353 786 1354 785 1354 783 1354 786 1355 783 1355 787 1355 787 1356 783 1356 782 1356 689 1357 688 1357 784 1357 784 1358 688 1358 785 1358 720 1359 722 1359 777 1359 777 1360 781 1360 720 1360 720 1361 781 1361 783 1361 720 1362 783 1362 718 1362 718 1363 783 1363 785 1363 718 1364 785 1364 714 1364 714 1365 785 1365 688 1365 764 1366 766 1366 724 1366 724 1367 766 1367 771 1367 724 1368 771 1368 722 1368 722 1369 771 1369 773 1369 722 1370 773 1370 777 1370 746 1371 748 1371 724 1371 724 1372 748 1372 753 1372 695 1373 694 1373 692 1373 692 1374 694 1374 714 1374 692 1375 714 1375 686 1375 686 1376 714 1376 688 1376 710 1377 714 1377 704 1377 704 1378 714 1378 694 1378 704 1379 694 1379 705 1379 705 1380 694 1380 700 1380 753 1381 757 1381 724 1381 724 1382 757 1382 759 1382 724 1383 759 1383 764 1383 734 1384 739 1384 732 1384 732 1385 739 1385 728 1385 728 1386 739 1386 724 1386 724 1387 739 1387 741 1387 724 1388 741 1388 746 1388 788 1389 789 1389 790 1389 791 1390 792 1390 793 1390 794 1391 776 1391 778 1391 795 1392 796 1392 193 1392 193 1393 796 1393 797 1393 193 1394 797 1394 206 1394 798 1395 799 1395 800 1395 801 1396 802 1396 803 1396 804 1397 805 1397 806 1397 148 1398 182 1398 807 1398 808 1399 809 1399 810 1399 810 1400 809 1400 811 1400 810 1401 811 1401 812 1401 792 1402 794 1402 793 1402 793 1403 794 1403 778 1403 793 1404 778 1404 813 1404 778 1405 779 1405 813 1405 813 1406 779 1406 772 1406 813 1407 772 1407 814 1407 772 1408 774 1408 814 1408 814 1409 774 1409 775 1409 814 1410 775 1410 815 1410 815 1411 775 1411 770 1411 815 1412 770 1412 816 1412 770 1413 769 1413 816 1413 816 1414 769 1414 765 1414 816 1415 765 1415 817 1415 765 1416 767 1416 817 1416 817 1417 767 1417 768 1417 817 1418 768 1418 818 1418 818 1419 768 1419 763 1419 818 1420 763 1420 819 1420 763 1421 762 1421 819 1421 819 1422 762 1422 758 1422 819 1423 758 1423 820 1423 820 1424 758 1424 760 1424 820 1425 760 1425 821 1425 760 1426 761 1426 821 1426 821 1427 761 1427 756 1427 821 1428 756 1428 822 1428 756 1429 755 1429 822 1429 822 1430 755 1430 754 1430 822 1431 754 1431 823 1431 823 1432 754 1432 752 1432 823 1433 752 1433 824 1433 752 1434 751 1434 824 1434 824 1435 751 1435 747 1435 824 1436 747 1436 825 1436 747 1437 749 1437 825 1437 825 1438 749 1438 750 1438 825 1439 750 1439 826 1439 826 1440 750 1440 745 1440 826 1441 745 1441 827 1441 745 1442 744 1442 827 1442 827 1443 744 1443 740 1443 827 1444 740 1444 828 1444 828 1445 740 1445 742 1445 828 1446 742 1446 829 1446 742 1447 743 1447 829 1447 829 1448 743 1448 738 1448 829 1449 738 1449 830 1449 738 1450 737 1450 830 1450 830 1451 737 1451 733 1451 830 1452 733 1452 831 1452 831 1453 733 1453 735 1453 831 1454 735 1454 832 1454 735 1455 736 1455 832 1455 832 1456 736 1456 731 1456 832 1457 731 1457 833 1457 723 1458 804 1458 729 1458 729 1459 804 1459 806 1459 729 1460 806 1460 727 1460 727 1461 806 1461 833 1461 727 1462 833 1462 730 1462 730 1463 833 1463 731 1463 805 1464 801 1464 806 1464 806 1465 801 1465 803 1465 806 1466 803 1466 833 1466 833 1467 803 1467 834 1467 833 1468 834 1468 832 1468 832 1469 834 1469 835 1469 832 1470 835 1470 831 1470 831 1471 835 1471 836 1471 831 1472 836 1472 830 1472 830 1473 836 1473 837 1473 830 1474 837 1474 829 1474 829 1475 837 1475 838 1475 829 1476 838 1476 828 1476 828 1477 838 1477 839 1477 828 1478 839 1478 827 1478 827 1479 839 1479 840 1479 827 1480 840 1480 826 1480 826 1481 840 1481 841 1481 826 1482 841 1482 825 1482 825 1483 841 1483 842 1483 825 1484 842 1484 824 1484 824 1485 842 1485 843 1485 824 1486 843 1486 823 1486 823 1487 843 1487 844 1487 823 1488 844 1488 822 1488 822 1489 844 1489 845 1489 822 1490 845 1490 821 1490 821 1491 845 1491 846 1491 821 1492 846 1492 820 1492 820 1493 846 1493 847 1493 820 1494 847 1494 819 1494 819 1495 847 1495 848 1495 819 1496 848 1496 818 1496 818 1497 848 1497 849 1497 818 1498 849 1498 817 1498 817 1499 849 1499 850 1499 817 1500 850 1500 816 1500 816 1501 850 1501 851 1501 816 1502 851 1502 815 1502 815 1503 851 1503 852 1503 815 1504 852 1504 814 1504 814 1505 852 1505 853 1505 814 1506 853 1506 813 1506 813 1507 853 1507 854 1507 813 1508 854 1508 793 1508 793 1509 854 1509 790 1509 793 1510 790 1510 791 1510 791 1511 790 1511 789 1511 802 1512 798 1512 803 1512 803 1513 798 1513 800 1513 803 1514 800 1514 834 1514 834 1515 800 1515 855 1515 834 1516 855 1516 835 1516 835 1517 855 1517 856 1517 835 1518 856 1518 836 1518 836 1519 856 1519 857 1519 836 1520 857 1520 837 1520 837 1521 857 1521 858 1521 837 1522 858 1522 838 1522 838 1523 858 1523 859 1523 838 1524 859 1524 839 1524 839 1525 859 1525 860 1525 839 1526 860 1526 840 1526 840 1527 860 1527 861 1527 840 1528 861 1528 841 1528 841 1529 861 1529 862 1529 841 1530 862 1530 842 1530 842 1531 862 1531 863 1531 842 1532 863 1532 843 1532 843 1533 863 1533 864 1533 843 1534 864 1534 844 1534 844 1535 864 1535 865 1535 844 1536 865 1536 845 1536 845 1537 865 1537 866 1537 845 1538 866 1538 846 1538 846 1539 866 1539 867 1539 846 1540 867 1540 847 1540 847 1541 867 1541 868 1541 847 1542 868 1542 848 1542 848 1543 868 1543 869 1543 848 1544 869 1544 849 1544 849 1545 869 1545 870 1545 849 1546 870 1546 850 1546 850 1547 870 1547 871 1547 850 1548 871 1548 851 1548 851 1549 871 1549 872 1549 851 1550 872 1550 852 1550 852 1551 872 1551 873 1551 852 1552 873 1552 853 1552 853 1553 873 1553 874 1553 853 1554 874 1554 854 1554 854 1555 874 1555 875 1555 854 1556 875 1556 790 1556 790 1557 875 1557 810 1557 790 1558 810 1558 788 1558 788 1559 810 1559 812 1559 799 1560 795 1560 800 1560 800 1561 795 1561 193 1561 800 1562 193 1562 855 1562 855 1563 193 1563 191 1563 855 1564 191 1564 856 1564 856 1565 191 1565 190 1565 856 1566 190 1566 857 1566 857 1567 190 1567 188 1567 857 1568 188 1568 858 1568 858 1569 188 1569 186 1569 858 1570 186 1570 859 1570 859 1571 186 1571 184 1571 859 1572 184 1572 860 1572 860 1573 184 1573 183 1573 860 1574 183 1574 861 1574 861 1575 183 1575 174 1575 861 1576 174 1576 862 1576 862 1577 174 1577 172 1577 862 1578 172 1578 863 1578 863 1579 172 1579 171 1579 863 1580 171 1580 864 1580 864 1581 171 1581 162 1581 864 1582 162 1582 865 1582 865 1583 162 1583 160 1583 865 1584 160 1584 866 1584 866 1585 160 1585 158 1585 866 1586 158 1586 867 1586 867 1587 158 1587 157 1587 867 1588 157 1588 868 1588 868 1589 157 1589 155 1589 868 1590 155 1590 869 1590 869 1591 155 1591 153 1591 869 1592 153 1592 870 1592 870 1593 153 1593 170 1593 870 1594 170 1594 871 1594 871 1595 170 1595 169 1595 871 1596 169 1596 872 1596 872 1597 169 1597 167 1597 872 1598 167 1598 873 1598 873 1599 167 1599 165 1599 873 1600 165 1600 874 1600 874 1601 165 1601 164 1601 874 1602 164 1602 875 1602 875 1603 164 1603 150 1603 875 1604 150 1604 810 1604 810 1605 150 1605 148 1605 810 1606 148 1606 808 1606 808 1607 148 1607 807 1607 796 1608 795 1608 876 1608 799 1609 798 1609 877 1609 878 1610 879 1610 880 1610 881 1611 882 1611 883 1611 884 1612 885 1612 886 1612 887 1613 214 1613 212 1613 887 1614 212 1614 888 1614 884 1615 886 1615 889 1615 881 1616 883 1616 890 1616 719 1617 717 1617 891 1617 802 1618 801 1618 892 1618 892 1619 801 1619 805 1619 892 1620 805 1620 804 1620 209 1621 206 1621 797 1621 797 1622 796 1622 209 1622 209 1623 796 1623 876 1623 209 1624 876 1624 210 1624 210 1625 876 1625 893 1625 210 1626 893 1626 212 1626 212 1627 893 1627 886 1627 212 1628 886 1628 888 1628 888 1629 886 1629 885 1629 795 1630 799 1630 876 1630 876 1631 799 1631 877 1631 876 1632 877 1632 893 1632 893 1633 877 1633 894 1633 893 1634 894 1634 886 1634 886 1635 894 1635 883 1635 886 1636 883 1636 889 1636 889 1637 883 1637 882 1637 798 1638 802 1638 877 1638 877 1639 802 1639 892 1639 877 1640 892 1640 894 1640 894 1641 892 1641 895 1641 894 1642 895 1642 883 1642 883 1643 895 1643 880 1643 883 1644 880 1644 890 1644 890 1645 880 1645 879 1645 891 1646 878 1646 719 1646 719 1647 878 1647 880 1647 719 1648 880 1648 721 1648 721 1649 880 1649 895 1649 721 1650 895 1650 726 1650 726 1651 895 1651 892 1651 726 1652 892 1652 725 1652 725 1653 892 1653 804 1653 725 1654 804 1654 723 1654 794 1655 792 1655 896 1655 807 1656 182 1656 181 1656 897 1657 898 1657 899 1657 899 1658 898 1658 900 1658 901 1659 902 1659 903 1659 903 1660 902 1660 904 1660 177 1661 205 1661 905 1661 906 1662 907 1662 908 1662 908 1663 907 1663 909 1663 908 1664 909 1664 910 1664 812 1665 811 1665 911 1665 911 1666 811 1666 809 1666 807 1667 181 1667 808 1667 791 1668 789 1668 912 1668 912 1669 789 1669 788 1669 905 1670 906 1670 177 1670 177 1671 906 1671 908 1671 177 1672 908 1672 179 1672 179 1673 908 1673 913 1673 179 1674 913 1674 181 1674 181 1675 913 1675 911 1675 181 1676 911 1676 808 1676 808 1677 911 1677 809 1677 910 1678 901 1678 908 1678 908 1679 901 1679 903 1679 908 1680 903 1680 913 1680 913 1681 903 1681 914 1681 913 1682 914 1682 911 1682 911 1683 914 1683 912 1683 911 1684 912 1684 812 1684 812 1685 912 1685 788 1685 904 1686 897 1686 903 1686 903 1687 897 1687 899 1687 903 1688 899 1688 914 1688 914 1689 899 1689 915 1689 914 1690 915 1690 912 1690 912 1691 915 1691 896 1691 912 1692 896 1692 791 1692 791 1693 896 1693 792 1693 776 1694 794 1694 780 1694 780 1695 794 1695 896 1695 780 1696 896 1696 782 1696 782 1697 896 1697 915 1697 782 1698 915 1698 787 1698 787 1699 915 1699 899 1699 787 1700 899 1700 786 1700 786 1701 899 1701 900 1701 786 1702 900 1702 784 1702 215 1703 214 1703 887 1703 887 1704 888 1704 215 1704 215 1705 888 1705 885 1705 215 1706 885 1706 916 1706 916 1707 885 1707 884 1707 916 1708 884 1708 917 1708 917 1709 884 1709 918 1709 884 1710 889 1710 918 1710 918 1711 889 1711 882 1711 918 1712 882 1712 919 1712 919 1713 882 1713 881 1713 919 1714 881 1714 920 1714 920 1715 881 1715 890 1715 920 1716 890 1716 921 1716 921 1717 890 1717 922 1717 890 1718 879 1718 922 1718 922 1719 879 1719 878 1719 922 1720 878 1720 923 1720 923 1721 878 1721 891 1721 923 1722 891 1722 924 1722 717 1723 713 1723 891 1723 891 1724 713 1724 925 1724 891 1725 925 1725 924 1725 689 1726 784 1726 926 1726 926 1727 784 1727 900 1727 926 1728 900 1728 927 1728 927 1729 900 1729 928 1729 928 1730 900 1730 898 1730 928 1731 898 1731 897 1731 904 1732 929 1732 897 1732 897 1733 929 1733 930 1733 897 1734 930 1734 928 1734 901 1735 931 1735 902 1735 902 1736 931 1736 932 1736 902 1737 932 1737 904 1737 904 1738 932 1738 933 1738 904 1739 933 1739 929 1739 934 1740 909 1740 935 1740 935 1741 909 1741 936 1741 901 1742 910 1742 931 1742 931 1743 910 1743 909 1743 931 1744 909 1744 937 1744 937 1745 909 1745 934 1745 905 1746 205 1746 204 1746 905 1747 204 1747 906 1747 936 1748 909 1748 204 1748 204 1749 909 1749 907 1749 204 1750 907 1750 906 1750 917 1751 918 1751 938 1751 919 1752 920 1752 939 1752 922 1753 923 1753 940 1753 925 1754 713 1754 715 1754 926 1755 927 1755 941 1755 934 1756 935 1756 202 1756 202 1757 935 1757 936 1757 202 1758 936 1758 204 1758 929 1759 933 1759 942 1759 933 1760 932 1760 942 1760 942 1761 932 1761 931 1761 942 1762 931 1762 937 1762 928 1763 930 1763 943 1763 926 1764 941 1764 689 1764 925 1765 715 1765 924 1765 922 1766 940 1766 921 1766 195 1767 215 1767 916 1767 923 1768 924 1768 940 1768 940 1769 924 1769 715 1769 940 1770 715 1770 944 1770 715 1771 716 1771 944 1771 944 1772 716 1772 709 1772 944 1773 709 1773 945 1773 709 1774 711 1774 945 1774 945 1775 711 1775 712 1775 945 1776 712 1776 946 1776 946 1777 712 1777 703 1777 946 1778 703 1778 947 1778 947 1779 703 1779 708 1779 947 1780 708 1780 948 1780 948 1781 708 1781 707 1781 948 1782 707 1782 949 1782 707 1783 706 1783 949 1783 949 1784 706 1784 699 1784 949 1785 699 1785 950 1785 699 1786 701 1786 950 1786 950 1787 701 1787 702 1787 950 1788 702 1788 951 1788 951 1789 702 1789 693 1789 951 1790 693 1790 952 1790 952 1791 693 1791 698 1791 952 1792 698 1792 953 1792 953 1793 698 1793 697 1793 953 1794 697 1794 954 1794 697 1795 696 1795 954 1795 954 1796 696 1796 691 1796 954 1797 691 1797 955 1797 691 1798 690 1798 955 1798 955 1799 690 1799 685 1799 955 1800 685 1800 941 1800 941 1801 685 1801 687 1801 941 1802 687 1802 689 1802 927 1803 928 1803 941 1803 941 1804 928 1804 943 1804 941 1805 943 1805 955 1805 955 1806 943 1806 956 1806 955 1807 956 1807 954 1807 954 1808 956 1808 957 1808 954 1809 957 1809 953 1809 953 1810 957 1810 958 1810 953 1811 958 1811 952 1811 952 1812 958 1812 959 1812 952 1813 959 1813 951 1813 951 1814 959 1814 960 1814 951 1815 960 1815 950 1815 950 1816 960 1816 961 1816 950 1817 961 1817 949 1817 949 1818 961 1818 962 1818 949 1819 962 1819 948 1819 948 1820 962 1820 963 1820 948 1821 963 1821 947 1821 947 1822 963 1822 964 1822 947 1823 964 1823 946 1823 946 1824 964 1824 965 1824 946 1825 965 1825 945 1825 945 1826 965 1826 966 1826 945 1827 966 1827 944 1827 944 1828 966 1828 967 1828 944 1829 967 1829 940 1829 940 1830 967 1830 939 1830 940 1831 939 1831 921 1831 921 1832 939 1832 920 1832 930 1833 929 1833 943 1833 943 1834 929 1834 942 1834 943 1835 942 1835 956 1835 956 1836 942 1836 968 1836 956 1837 968 1837 957 1837 957 1838 968 1838 969 1838 957 1839 969 1839 958 1839 958 1840 969 1840 970 1840 958 1841 970 1841 959 1841 959 1842 970 1842 971 1842 959 1843 971 1843 960 1843 960 1844 971 1844 972 1844 960 1845 972 1845 961 1845 961 1846 972 1846 973 1846 961 1847 973 1847 962 1847 962 1848 973 1848 974 1848 962 1849 974 1849 963 1849 963 1850 974 1850 975 1850 963 1851 975 1851 964 1851 964 1852 975 1852 976 1852 964 1853 976 1853 965 1853 965 1854 976 1854 977 1854 965 1855 977 1855 966 1855 966 1856 977 1856 978 1856 966 1857 978 1857 967 1857 967 1858 978 1858 979 1858 967 1859 979 1859 939 1859 939 1860 979 1860 938 1860 939 1861 938 1861 919 1861 919 1862 938 1862 918 1862 937 1863 934 1863 942 1863 942 1864 934 1864 202 1864 942 1865 202 1865 968 1865 968 1866 202 1866 200 1866 968 1867 200 1867 969 1867 969 1868 200 1868 199 1868 969 1869 199 1869 970 1869 970 1870 199 1870 145 1870 970 1871 145 1871 971 1871 971 1872 145 1872 143 1872 971 1873 143 1873 972 1873 972 1874 143 1874 142 1874 972 1875 142 1875 973 1875 973 1876 142 1876 140 1876 973 1877 140 1877 974 1877 974 1878 140 1878 138 1878 974 1879 138 1879 975 1879 975 1880 138 1880 137 1880 975 1881 137 1881 976 1881 976 1882 137 1882 135 1882 976 1883 135 1883 977 1883 977 1884 135 1884 133 1884 977 1885 133 1885 978 1885 978 1886 133 1886 198 1886 978 1887 198 1887 979 1887 979 1888 198 1888 197 1888 979 1889 197 1889 938 1889 938 1890 197 1890 195 1890 938 1891 195 1891 917 1891 917 1892 195 1892 916 1892 980 1893 981 1893 120 1893 120 1894 981 1894 55 1894 982 1895 980 1895 58 1895 58 1896 980 1896 120 1896 983 1897 982 1897 60 1897 60 1898 982 1898 58 1898 981 1899 983 1899 55 1899 55 1900 983 1900 60 1900 984 1901 985 1901 983 1901 983 1902 985 1902 986 1902 983 1903 986 1903 982 1903 982 1904 986 1904 987 1904 982 1905 987 1905 988 1905 988 1906 989 1906 982 1906 982 1907 989 1907 990 1907 982 1908 990 1908 980 1908 980 1909 990 1909 991 1909 980 1910 991 1910 992 1910 992 1911 993 1911 980 1911 980 1912 993 1912 994 1912 980 1913 994 1913 981 1913 981 1914 994 1914 995 1914 981 1915 995 1915 996 1915 996 1916 997 1916 981 1916 981 1917 997 1917 998 1917 981 1918 998 1918 983 1918 983 1919 998 1919 999 1919 983 1920 999 1920 984 1920 1000 1921 1001 1921 356 1921 356 1922 1001 1922 355 1922 1002 1923 1000 1923 362 1923 362 1924 1000 1924 356 1924 1003 1925 1002 1925 368 1925 368 1926 1002 1926 362 1926 1001 1927 1003 1927 355 1927 355 1928 1003 1928 368 1928 1004 1929 1005 1929 1002 1929 1002 1930 1005 1930 1006 1930 1002 1931 1006 1931 1000 1931 1000 1932 1006 1932 1007 1932 1000 1933 1007 1933 1008 1933 1008 1934 1009 1934 1000 1934 1000 1935 1009 1935 1010 1935 1000 1936 1010 1936 1001 1936 1001 1937 1010 1937 1011 1937 1001 1938 1011 1938 1012 1938 1013 1939 1014 1939 1003 1939 1003 1940 1014 1940 1015 1940 1003 1941 1015 1941 1002 1941 1002 1942 1015 1942 1016 1942 1002 1943 1016 1943 1004 1943 1012 1944 1017 1944 1001 1944 1001 1945 1017 1945 1018 1945 1001 1946 1018 1946 1003 1946 1003 1947 1018 1947 1019 1947 1003 1948 1019 1948 1013 1948 987 1949 986 1949 1015 1949 1015 1950 986 1950 1016 1950 999 1951 998 1951 1006 1951 1006 1952 998 1952 1007 1952 1019 1953 1018 1953 990 1953 990 1954 1018 1954 991 1954 1011 1955 1010 1955 994 1955 994 1956 1010 1956 995 1956 1019 1957 990 1957 989 1957 1019 1958 989 1958 1013 1958 1013 1959 989 1959 988 1959 1013 1960 988 1960 1014 1960 1014 1961 988 1961 987 1961 1014 1962 987 1962 1015 1962 1016 1963 986 1963 985 1963 1016 1964 985 1964 1004 1964 1004 1965 985 1965 984 1965 1004 1966 984 1966 1005 1966 1005 1967 984 1967 999 1967 1005 1968 999 1968 1006 1968 1011 1969 994 1969 993 1969 1011 1970 993 1970 1012 1970 1012 1971 993 1971 992 1971 1012 1972 992 1972 1017 1972 1017 1973 992 1973 991 1973 1017 1974 991 1974 1018 1974 1007 1975 998 1975 997 1975 1007 1976 997 1976 1008 1976 1008 1977 997 1977 996 1977 1008 1978 996 1978 1009 1978 1009 1979 996 1979 995 1979 1009 1980 995 1980 1010 1980 18 1981 493 1981 26 1981 26 1982 493 1982 490 1982 26 1983 490 1983 24 1983 24 1984 490 1984 486 1984 24 1985 486 1985 25 1985 25 1986 486 1986 485 1986 25 1987 485 1987 27 1987 27 1988 485 1988 484 1988 27 1989 484 1989 6 1989 6 1990 484 1990 482 1990 6 1991 482 1991 7 1991 7 1992 482 1992 481 1992 7 1993 481 1993 8 1993 8 1994 481 1994 483 1994 18 1995 17 1995 493 1995 493 1996 17 1996 494 1996 10 1997 487 1997 49 1997 49 1998 487 1998 488 1998 49 1999 488 1999 46 1999 46 2000 488 2000 489 2000 46 2001 489 2001 45 2001 45 2002 489 2002 480 2002 45 2003 480 2003 44 2003 44 2004 480 2004 492 2004 44 2005 492 2005 42 2005 42 2006 492 2006 491 2006 42 2007 491 2007 43 2007 43 2008 491 2008 495 2008 43 2009 495 2009 17 2009 17 2010 495 2010 494 2010 10 2011 8 2011 487 2011 487 2012 8 2012 483 2012 1020 2013 1021 2013 11 2013 11 2014 1021 2014 12 2014 1022 2015 1020 2015 30 2015 30 2016 1020 2016 11 2016 1023 2017 1022 2017 5 2017 5 2018 1022 2018 30 2018 1024 2019 1023 2019 4 2019 4 2020 1023 2020 5 2020 1025 2021 1024 2021 3 2021 3 2022 1024 2022 4 2022 1026 2023 1025 2023 31 2023 31 2024 1025 2024 3 2024 1027 2025 1026 2025 34 2025 34 2026 1026 2026 31 2026 1028 2027 1027 2027 35 2027 35 2028 1027 2028 34 2028 1029 2029 1028 2029 36 2029 36 2030 1028 2030 35 2030 1030 2031 1029 2031 16 2031 16 2032 1029 2032 36 2032 1031 2033 1030 2033 13 2033 13 2034 1030 2034 16 2034 1021 2035 1031 2035 12 2035 12 2036 1031 2036 13 2036 1021 2037 1020 2037 1022 2037 1021 2038 1022 2038 1031 2038 1026 2039 1027 2039 1028 2039 1025 2040 1026 2040 1024 2040 1024 2041 1026 2041 1028 2041 1024 2042 1028 2042 1023 2042 1023 2043 1028 2043 1029 2043 1023 2044 1029 2044 1022 2044 1022 2045 1029 2045 1030 2045 1022 2046 1030 2046 1031 2046 1032 2047 1033 2047 53 2047 53 2048 1033 2048 33 2048 1034 2049 1032 2049 29 2049 29 2050 1032 2050 53 2050 1035 2051 1034 2051 28 2051 28 2052 1034 2052 29 2052 1033 2053 1035 2053 33 2053 33 2054 1035 2054 28 2054 1034 2055 1035 2055 1032 2055 1032 2056 1035 2056 1033 2056 1036 2057 1037 2057 2 2057 2 2058 1037 2058 37 2058 1038 2059 1036 2059 1 2059 1 2060 1036 2060 2 2060 1039 2061 1038 2061 0 2061 0 2062 1038 2062 1 2062 1040 2063 1039 2063 9 2063 9 2064 1039 2064 0 2064 1041 2065 1040 2065 20 2065 20 2066 1040 2066 9 2066 1042 2067 1041 2067 19 2067 19 2068 1041 2068 20 2068 1043 2069 1042 2069 52 2069 52 2070 1042 2070 19 2070 1044 2071 1043 2071 51 2071 51 2072 1043 2072 52 2072 1045 2073 1044 2073 50 2073 50 2074 1044 2074 51 2074 1046 2075 1045 2075 54 2075 54 2076 1045 2076 50 2076 1037 2077 1046 2077 37 2077 37 2078 1046 2078 54 2078 1046 2079 1037 2079 1036 2079 1041 2080 1042 2080 1043 2080 1036 2081 1038 2081 1046 2081 1046 2082 1038 2082 1044 2082 1046 2083 1044 2083 1045 2083 1039 2084 1040 2084 1038 2084 1038 2085 1040 2085 1041 2085 1038 2086 1041 2086 1044 2086 1044 2087 1041 2087 1043 2087 1047 2088 1048 2088 14 2088 14 2089 1048 2089 15 2089 1049 2090 1047 2090 32 2090 32 2091 1047 2091 14 2091 1050 2092 1049 2092 48 2092 48 2093 1049 2093 32 2093 1051 2094 1050 2094 47 2094 47 2095 1050 2095 48 2095 1052 2096 1051 2096 41 2096 41 2097 1051 2097 47 2097 1053 2098 1052 2098 40 2098 40 2099 1052 2099 41 2099 1054 2100 1053 2100 39 2100 39 2101 1053 2101 40 2101 1055 2102 1054 2102 38 2102 38 2103 1054 2103 39 2103 1056 2104 1055 2104 23 2104 23 2105 1055 2105 38 2105 1057 2106 1056 2106 22 2106 22 2107 1056 2107 23 2107 1058 2108 1057 2108 21 2108 21 2109 1057 2109 22 2109 1048 2110 1058 2110 15 2110 15 2111 1058 2111 21 2111 1048 2112 1047 2112 1049 2112 1049 2113 1050 2113 1048 2113 1048 2114 1050 2114 1051 2114 1048 2115 1051 2115 1058 2115 1056 2116 1057 2116 1055 2116 1055 2117 1057 2117 1058 2117 1055 2118 1058 2118 1054 2118 1054 2119 1058 2119 1051 2119 1054 2120 1051 2120 1053 2120 1053 2121 1051 2121 1052 2121</p>
                </triangles>
            </mesh>
        </geometry>
    </library_geometries>
    <library_visual_scenes>
        <visual_scene id="VisualSceneNode" name="VisualScene">
            <node id="node" name="node">
                <instance_geometry url="#shape0-lib"/>
            </node>
        </visual_scene>
    </library_visual_scenes>
    <scene>
        <instance_visual_scene url="#VisualSceneNode"/>
    </scene>
</COLLADA>
